DEBUG - 2026-06-23 00:38:18 --> Session: Class initialized using 'CodeIgniter\Session\Handlers\FileHandler' driver.
DEBUG - 2026-06-23 00:38:18 --> Session: Class initialized using 'CodeIgniter\Session\Handlers\FileHandler' driver.
INFO - 2026-06-23 00:39:11 --> CSRF token verified.
DEBUG - 2026-06-23 00:39:11 --> Session: Class initialized using 'CodeIgniter\Session\Handlers\FileHandler' driver.
DEBUG - 2026-06-23 00:39:11 --> Session: Class initialized using 'CodeIgniter\Session\Handlers\FileHandler' driver.
DEBUG - 2026-06-23 00:48:08 --> Session: Class initialized using 'CodeIgniter\Session\Handlers\FileHandler' driver.
DEBUG - 2026-06-23 00:48:13 --> Session: Class initialized using 'CodeIgniter\Session\Handlers\FileHandler' driver.
DEBUG - 2026-06-23 00:48:14 --> Session: Class initialized using 'CodeIgniter\Session\Handlers\FileHandler' driver.
DEBUG - 2026-06-23 00:49:12 --> Session: Class initialized using 'CodeIgniter\Session\Handlers\FileHandler' driver.
DEBUG - 2026-06-23 00:49:25 --> Session: Class initialized using 'CodeIgniter\Session\Handlers\FileHandler' driver.
DEBUG - 2026-06-23 00:49:27 --> Session: Class initialized using 'CodeIgniter\Session\Handlers\FileHandler' driver.
DEBUG - 2026-06-23 00:54:14 --> Session: Class initialized using 'CodeIgniter\Session\Handlers\FileHandler' driver.
DEBUG - 2026-06-23 00:54:35 --> Session: Class initialized using 'CodeIgniter\Session\Handlers\FileHandler' driver.
DEBUG - 2026-06-23 00:56:20 --> Session: Class initialized using 'CodeIgniter\Session\Handlers\FileHandler' driver.
DEBUG - 2026-06-23 00:59:33 --> Session: Class initialized using 'CodeIgniter\Session\Handlers\FileHandler' driver.
DEBUG - 2026-06-23 00:59:35 --> Session: Class initialized using 'CodeIgniter\Session\Handlers\FileHandler' driver.
DEBUG - 2026-06-23 00:59:44 --> Session: Class initialized using 'CodeIgniter\Session\Handlers\FileHandler' driver.
DEBUG - 2026-06-23 00:59:45 --> Session: Class initialized using 'CodeIgniter\Session\Handlers\FileHandler' driver.
DEBUG - 2026-06-23 00:59:46 --> Session: Class initialized using 'CodeIgniter\Session\Handlers\FileHandler' driver.
DEBUG - 2026-06-23 00:59:47 --> Session: Class initialized using 'CodeIgniter\Session\Handlers\FileHandler' driver.
DEBUG - 2026-06-23 01:02:24 --> Session: Class initialized using 'CodeIgniter\Session\Handlers\FileHandler' driver.
DEBUG - 2026-06-23 01:02:38 --> Session: Class initialized using 'CodeIgniter\Session\Handlers\FileHandler' driver.
DEBUG - 2026-06-23 01:13:43 --> Session: Class initialized using 'CodeIgniter\Session\Handlers\FileHandler' driver.
DEBUG - 2026-06-23 01:13:43 --> Session: Class initialized using 'CodeIgniter\Session\Handlers\FileHandler' driver.
INFO - 2026-06-23 01:15:05 --> CSRF token verified.
DEBUG - 2026-06-23 01:15:05 --> Session: Class initialized using 'CodeIgniter\Session\Handlers\FileHandler' driver.
DEBUG - 2026-06-23 01:15:05 --> Session: Class initialized using 'CodeIgniter\Session\Handlers\FileHandler' driver.
INFO - 2026-06-23 01:15:31 --> CSRF token verified.
DEBUG - 2026-06-23 01:15:32 --> Session: Class initialized using 'CodeIgniter\Session\Handlers\FileHandler' driver.
DEBUG - 2026-06-23 01:15:32 --> Session: Class initialized using 'CodeIgniter\Session\Handlers\FileHandler' driver.
DEBUG - 2026-06-23 01:15:45 --> Session: Class initialized using 'CodeIgniter\Session\Handlers\FileHandler' driver.
DEBUG - 2026-06-23 01:15:45 --> Session: Class initialized using 'CodeIgniter\Session\Handlers\FileHandler' driver.
DEBUG - 2026-06-23 01:16:01 --> Session: Class initialized using 'CodeIgniter\Session\Handlers\FileHandler' driver.
DEBUG - 2026-06-23 01:16:03 --> Session: Class initialized using 'CodeIgniter\Session\Handlers\FileHandler' driver.
DEBUG - 2026-06-23 01:16:03 --> Session: Class initialized using 'CodeIgniter\Session\Handlers\FileHandler' driver.
DEBUG - 2026-06-23 01:16:35 --> Session: Class initialized using 'CodeIgniter\Session\Handlers\FileHandler' driver.
DEBUG - 2026-06-23 01:16:37 --> Session: Class initialized using 'CodeIgniter\Session\Handlers\FileHandler' driver.
DEBUG - 2026-06-23 01:16:39 --> Session: Class initialized using 'CodeIgniter\Session\Handlers\FileHandler' driver.
DEBUG - 2026-06-23 01:16:48 --> Session: Class initialized using 'CodeIgniter\Session\Handlers\FileHandler' driver.
DEBUG - 2026-06-23 01:16:49 --> Session: Class initialized using 'CodeIgniter\Session\Handlers\FileHandler' driver.
DEBUG - 2026-06-23 01:16:50 --> Session: Class initialized using 'CodeIgniter\Session\Handlers\FileHandler' driver.
DEBUG - 2026-06-23 01:23:52 --> Session: Class initialized using 'CodeIgniter\Session\Handlers\FileHandler' driver.
DEBUG - 2026-06-23 01:23:52 --> Session: Class initialized using 'CodeIgniter\Session\Handlers\FileHandler' driver.
INFO - 2026-06-23 01:25:27 --> CSRF token verified.
DEBUG - 2026-06-23 01:25:27 --> Session: Class initialized using 'CodeIgniter\Session\Handlers\FileHandler' driver.
DEBUG - 2026-06-23 01:25:28 --> Session: Class initialized using 'CodeIgniter\Session\Handlers\FileHandler' driver.
DEBUG - 2026-06-23 01:25:45 --> Session: Class initialized using 'CodeIgniter\Session\Handlers\FileHandler' driver.
DEBUG - 2026-06-23 01:25:47 --> Session: Class initialized using 'CodeIgniter\Session\Handlers\FileHandler' driver.
DEBUG - 2026-06-23 01:25:47 --> Session: Class initialized using 'CodeIgniter\Session\Handlers\FileHandler' driver.
DEBUG - 2026-06-23 01:25:48 --> Session: Class initialized using 'CodeIgniter\Session\Handlers\FileHandler' driver.
DEBUG - 2026-06-23 01:30:36 --> Session: Class initialized using 'CodeIgniter\Session\Handlers\FileHandler' driver.
DEBUG - 2026-06-23 01:30:48 --> Session: Class initialized using 'CodeIgniter\Session\Handlers\FileHandler' driver.
DEBUG - 2026-06-23 01:37:56 --> Session: Class initialized using 'CodeIgniter\Session\Handlers\FileHandler' driver.
DEBUG - 2026-06-23 01:37:59 --> Session: Class initialized using 'CodeIgniter\Session\Handlers\FileHandler' driver.
DEBUG - 2026-06-23 01:40:03 --> Session: Class initialized using 'CodeIgniter\Session\Handlers\FileHandler' driver.
DEBUG - 2026-06-23 01:40:28 --> Session: Class initialized using 'CodeIgniter\Session\Handlers\FileHandler' driver.
DEBUG - 2026-06-23 01:40:30 --> Session: Class initialized using 'CodeIgniter\Session\Handlers\FileHandler' driver.
DEBUG - 2026-06-23 01:40:30 --> Session: Class initialized using 'CodeIgniter\Session\Handlers\FileHandler' driver.
DEBUG - 2026-06-23 01:41:08 --> Session: Class initialized using 'CodeIgniter\Session\Handlers\FileHandler' driver.
DEBUG - 2026-06-23 01:45:54 --> Session: Class initialized using 'CodeIgniter\Session\Handlers\FileHandler' driver.
DEBUG - 2026-06-23 01:45:55 --> Session: Class initialized using 'CodeIgniter\Session\Handlers\FileHandler' driver.
INFO - 2026-06-23 01:46:12 --> CSRF token verified.
DEBUG - 2026-06-23 01:46:12 --> Session: Class initialized using 'CodeIgniter\Session\Handlers\FileHandler' driver.
DEBUG - 2026-06-23 01:50:13 --> Session: Class initialized using 'CodeIgniter\Session\Handlers\FileHandler' driver.
INFO - 2026-06-23 01:50:25 --> CSRF token verified.
DEBUG - 2026-06-23 01:50:25 --> Session: Class initialized using 'CodeIgniter\Session\Handlers\FileHandler' driver.
CRITICAL - 2026-06-23 01:51:27 --> CodeIgniter\Security\Exceptions\SecurityException: The action you requested is not allowed.
[Method: POST, Route: super/apartamentos/registrar-condominio]
in SYSTEMPATH\Security\Security.php on line 258.
 1 SYSTEMPATH\Security\Security.php(258): CodeIgniter\Security\Exceptions\SecurityException::forDisallowedAction()
 2 SYSTEMPATH\Filters\CSRF.php(52): CodeIgniter\Security\Security->verify(Object(CodeIgniter\HTTP\IncomingRequest))
 3 SYSTEMPATH\Filters\Filters.php(241): CodeIgniter\Filters\CSRF->before(Object(CodeIgniter\HTTP\IncomingRequest), null)
 4 SYSTEMPATH\Filters\Filters.php(221): CodeIgniter\Filters\Filters->runBefore([...])
 5 SYSTEMPATH\CodeIgniter.php(465): CodeIgniter\Filters\Filters->run('super/apartamentos/registrar-condominio', 'before')
 6 SYSTEMPATH\CodeIgniter.php(340): CodeIgniter\CodeIgniter->handleRequest(null, Object(Config\Cache), false)
 7 SYSTEMPATH\Boot.php(417): CodeIgniter\CodeIgniter->run()
 8 SYSTEMPATH\Boot.php(68): CodeIgniter\Boot::runCodeIgniter(Object(CodeIgniter\CodeIgniter))
 9 FCPATH\index.php(59): CodeIgniter\Boot::bootWeb(Object(Config\Paths))
DEBUG - 2026-06-23 01:54:32 --> Session: Class initialized using 'CodeIgniter\Session\Handlers\FileHandler' driver.
DEBUG - 2026-06-23 02:16:46 --> Session: Class initialized using 'CodeIgniter\Session\Handlers\FileHandler' driver.
DEBUG - 2026-06-23 02:16:47 --> Session: Class initialized using 'CodeIgniter\Session\Handlers\FileHandler' driver.
INFO - 2026-06-23 02:17:11 --> CSRF token verified.
DEBUG - 2026-06-23 02:17:11 --> Session: Class initialized using 'CodeIgniter\Session\Handlers\FileHandler' driver.
DEBUG - 2026-06-23 02:17:11 --> Session: Class initialized using 'CodeIgniter\Session\Handlers\FileHandler' driver.
INFO - 2026-06-23 02:17:38 --> CSRF token verified.
DEBUG - 2026-06-23 02:17:38 --> Session: Class initialized using 'CodeIgniter\Session\Handlers\FileHandler' driver.
DEBUG - 2026-06-23 02:17:38 --> Session: Class initialized using 'CodeIgniter\Session\Handlers\FileHandler' driver.
INFO - 2026-06-23 02:18:40 --> CSRF token verified.
DEBUG - 2026-06-23 02:18:40 --> Session: Class initialized using 'CodeIgniter\Session\Handlers\FileHandler' driver.
DEBUG - 2026-06-23 02:18:40 --> Session: Class initialized using 'CodeIgniter\Session\Handlers\FileHandler' driver.
INFO - 2026-06-23 02:19:00 --> CSRF token verified.
DEBUG - 2026-06-23 02:19:00 --> Session: Class initialized using 'CodeIgniter\Session\Handlers\FileHandler' driver.
DEBUG - 2026-06-23 02:19:00 --> Session: Class initialized using 'CodeIgniter\Session\Handlers\FileHandler' driver.
INFO - 2026-06-23 02:19:15 --> CSRF token verified.
DEBUG - 2026-06-23 02:19:15 --> Session: Class initialized using 'CodeIgniter\Session\Handlers\FileHandler' driver.
DEBUG - 2026-06-23 02:19:15 --> Session: Class initialized using 'CodeIgniter\Session\Handlers\FileHandler' driver.
DEBUG - 2026-06-23 02:21:09 --> Session: Class initialized using 'CodeIgniter\Session\Handlers\FileHandler' driver.
DEBUG - 2026-06-23 02:21:09 --> Session: Class initialized using 'CodeIgniter\Session\Handlers\FileHandler' driver.
DEBUG - 2026-06-23 02:21:10 --> Session: Class initialized using 'CodeIgniter\Session\Handlers\FileHandler' driver.
DEBUG - 2026-06-23 02:22:52 --> Session: Class initialized using 'CodeIgniter\Session\Handlers\FileHandler' driver.
DEBUG - 2026-06-23 02:22:57 --> Session: Class initialized using 'CodeIgniter\Session\Handlers\FileHandler' driver.
DEBUG - 2026-06-23 02:23:04 --> Session: Class initialized using 'CodeIgniter\Session\Handlers\FileHandler' driver.
DEBUG - 2026-06-23 02:23:05 --> Session: Class initialized using 'CodeIgniter\Session\Handlers\FileHandler' driver.
INFO - 2026-06-23 02:23:17 --> CSRF token verified.
DEBUG - 2026-06-23 02:23:17 --> Session: Class initialized using 'CodeIgniter\Session\Handlers\FileHandler' driver.
DEBUG - 2026-06-23 02:23:18 --> Session: Class initialized using 'CodeIgniter\Session\Handlers\FileHandler' driver.
DEBUG - 2026-06-23 02:25:47 --> Session: Class initialized using 'CodeIgniter\Session\Handlers\FileHandler' driver.
DEBUG - 2026-06-23 02:25:47 --> Session: Class initialized using 'CodeIgniter\Session\Handlers\FileHandler' driver.
DEBUG - 2026-06-23 02:26:00 --> Session: Class initialized using 'CodeIgniter\Session\Handlers\FileHandler' driver.
DEBUG - 2026-06-23 02:29:14 --> Session: Class initialized using 'CodeIgniter\Session\Handlers\FileHandler' driver.
INFO - 2026-06-23 02:29:40 --> CSRF token verified.
DEBUG - 2026-06-23 02:29:40 --> Session: Class initialized using 'CodeIgniter\Session\Handlers\FileHandler' driver.
DEBUG - 2026-06-23 02:29:40 --> Session: Class initialized using 'CodeIgniter\Session\Handlers\FileHandler' driver.
DEBUG - 2026-06-23 02:29:55 --> Session: Class initialized using 'CodeIgniter\Session\Handlers\FileHandler' driver.
DEBUG - 2026-06-23 02:29:55 --> Session: Class initialized using 'CodeIgniter\Session\Handlers\FileHandler' driver.
DEBUG - 2026-06-23 02:29:58 --> Session: Class initialized using 'CodeIgniter\Session\Handlers\FileHandler' driver.
DEBUG - 2026-06-23 02:38:29 --> Session: Class initialized using 'CodeIgniter\Session\Handlers\FileHandler' driver.
DEBUG - 2026-06-23 02:38:29 --> Session: Class initialized using 'CodeIgniter\Session\Handlers\FileHandler' driver.
DEBUG - 2026-06-23 02:40:54 --> Session: Class initialized using 'CodeIgniter\Session\Handlers\FileHandler' driver.
DEBUG - 2026-06-23 02:40:55 --> Session: Class initialized using 'CodeIgniter\Session\Handlers\FileHandler' driver.
DEBUG - 2026-06-23 02:40:58 --> Session: Class initialized using 'CodeIgniter\Session\Handlers\FileHandler' driver.
INFO - 2026-06-23 02:43:18 --> CSRF token verified.
DEBUG - 2026-06-23 02:43:18 --> Session: Class initialized using 'CodeIgniter\Session\Handlers\FileHandler' driver.
DEBUG - 2026-06-23 02:43:25 --> Session: Class initialized using 'CodeIgniter\Session\Handlers\FileHandler' driver.
DEBUG - 2026-06-23 02:46:51 --> Session: Class initialized using 'CodeIgniter\Session\Handlers\FileHandler' driver.
DEBUG - 2026-06-23 02:49:07 --> Session: Class initialized using 'CodeIgniter\Session\Handlers\FileHandler' driver.
DEBUG - 2026-06-23 02:49:07 --> Session: Class initialized using 'CodeIgniter\Session\Handlers\FileHandler' driver.
DEBUG - 2026-06-23 02:49:09 --> Session: Class initialized using 'CodeIgniter\Session\Handlers\FileHandler' driver.
DEBUG - 2026-06-23 02:49:10 --> Session: Class initialized using 'CodeIgniter\Session\Handlers\FileHandler' driver.
DEBUG - 2026-06-23 02:49:11 --> Session: Class initialized using 'CodeIgniter\Session\Handlers\FileHandler' driver.
DEBUG - 2026-06-23 02:49:11 --> Session: Class initialized using 'CodeIgniter\Session\Handlers\FileHandler' driver.
DEBUG - 2026-06-23 02:49:12 --> Session: Class initialized using 'CodeIgniter\Session\Handlers\FileHandler' driver.
DEBUG - 2026-06-23 02:49:41 --> Session: Class initialized using 'CodeIgniter\Session\Handlers\FileHandler' driver.
INFO - 2026-06-23 02:49:49 --> CSRF token verified.
DEBUG - 2026-06-23 02:49:49 --> Session: Class initialized using 'CodeIgniter\Session\Handlers\FileHandler' driver.
DEBUG - 2026-06-23 02:49:49 --> Session: Class initialized using 'CodeIgniter\Session\Handlers\FileHandler' driver.
DEBUG - 2026-06-23 02:49:52 --> Session: Class initialized using 'CodeIgniter\Session\Handlers\FileHandler' driver.
DEBUG - 2026-06-23 02:49:53 --> Session: Class initialized using 'CodeIgniter\Session\Handlers\FileHandler' driver.
DEBUG - 2026-06-23 02:49:59 --> Session: Class initialized using 'CodeIgniter\Session\Handlers\FileHandler' driver.
CRITICAL - 2026-06-23 02:50:17 --> CodeIgniter\Security\Exceptions\SecurityException: The action you requested is not allowed.
[Method: POST, Route: super/guardar-residente]
in SYSTEMPATH\Security\Security.php on line 258.
 1 SYSTEMPATH\Security\Security.php(258): CodeIgniter\Security\Exceptions\SecurityException::forDisallowedAction()
 2 SYSTEMPATH\Filters\CSRF.php(52): CodeIgniter\Security\Security->verify(Object(CodeIgniter\HTTP\IncomingRequest))
 3 SYSTEMPATH\Filters\Filters.php(241): CodeIgniter\Filters\CSRF->before(Object(CodeIgniter\HTTP\IncomingRequest), null)
 4 SYSTEMPATH\Filters\Filters.php(221): CodeIgniter\Filters\Filters->runBefore([...])
 5 SYSTEMPATH\CodeIgniter.php(465): CodeIgniter\Filters\Filters->run('super/guardar-residente', 'before')
 6 SYSTEMPATH\CodeIgniter.php(340): CodeIgniter\CodeIgniter->handleRequest(null, Object(Config\Cache), false)
 7 SYSTEMPATH\Boot.php(417): CodeIgniter\CodeIgniter->run()
 8 SYSTEMPATH\Boot.php(68): CodeIgniter\Boot::runCodeIgniter(Object(CodeIgniter\CodeIgniter))
 9 FCPATH\index.php(59): CodeIgniter\Boot::bootWeb(Object(Config\Paths))
CRITICAL - 2026-06-23 02:55:31 --> CodeIgniter\Security\Exceptions\SecurityException: The action you requested is not allowed.
[Method: POST, Route: super/guardar-residente]
in SYSTEMPATH\Security\Security.php on line 258.
 1 SYSTEMPATH\Security\Security.php(258): CodeIgniter\Security\Exceptions\SecurityException::forDisallowedAction()
 2 SYSTEMPATH\Filters\CSRF.php(52): CodeIgniter\Security\Security->verify(Object(CodeIgniter\HTTP\IncomingRequest))
 3 SYSTEMPATH\Filters\Filters.php(241): CodeIgniter\Filters\CSRF->before(Object(CodeIgniter\HTTP\IncomingRequest), null)
 4 SYSTEMPATH\Filters\Filters.php(221): CodeIgniter\Filters\Filters->runBefore([...])
 5 SYSTEMPATH\CodeIgniter.php(465): CodeIgniter\Filters\Filters->run('super/guardar-residente', 'before')
 6 SYSTEMPATH\CodeIgniter.php(340): CodeIgniter\CodeIgniter->handleRequest(null, Object(Config\Cache), false)
 7 SYSTEMPATH\Boot.php(417): CodeIgniter\CodeIgniter->run()
 8 SYSTEMPATH\Boot.php(68): CodeIgniter\Boot::runCodeIgniter(Object(CodeIgniter\CodeIgniter))
 9 FCPATH\index.php(59): CodeIgniter\Boot::bootWeb(Object(Config\Paths))
DEBUG - 2026-06-23 02:55:32 --> Session: Class initialized using 'CodeIgniter\Session\Handlers\FileHandler' driver.
INFO - 2026-06-23 02:56:02 --> CSRF token verified.
DEBUG - 2026-06-23 02:56:02 --> Session: Class initialized using 'CodeIgniter\Session\Handlers\FileHandler' driver.
DEBUG - 2026-06-23 02:56:02 --> Session: Class initialized using 'CodeIgniter\Session\Handlers\FileHandler' driver.
DEBUG - 2026-06-23 02:56:06 --> Session: Class initialized using 'CodeIgniter\Session\Handlers\FileHandler' driver.
DEBUG - 2026-06-23 02:56:06 --> Session: Class initialized using 'CodeIgniter\Session\Handlers\FileHandler' driver.
DEBUG - 2026-06-23 02:56:09 --> Session: Class initialized using 'CodeIgniter\Session\Handlers\FileHandler' driver.
DEBUG - 2026-06-23 02:56:22 --> Session: Class initialized using 'CodeIgniter\Session\Handlers\FileHandler' driver.
DEBUG - 2026-06-23 02:56:22 --> Session: Class initialized using 'CodeIgniter\Session\Handlers\FileHandler' driver.
DEBUG - 2026-06-23 02:56:29 --> Session: Class initialized using 'CodeIgniter\Session\Handlers\FileHandler' driver.
DEBUG - 2026-06-23 02:57:09 --> Session: Class initialized using 'CodeIgniter\Session\Handlers\FileHandler' driver.
DEBUG - 2026-06-23 02:57:10 --> Session: Class initialized using 'CodeIgniter\Session\Handlers\FileHandler' driver.
DEBUG - 2026-06-23 02:57:24 --> Session: Class initialized using 'CodeIgniter\Session\Handlers\FileHandler' driver.
CRITICAL - 2026-06-23 02:59:13 --> CodeIgniter\Security\Exceptions\SecurityException: The action you requested is not allowed.
[Method: POST, Route: crm/licencia/activar]
in SYSTEMPATH\Security\Security.php on line 258.
 1 SYSTEMPATH\Security\Security.php(258): CodeIgniter\Security\Exceptions\SecurityException::forDisallowedAction()
 2 SYSTEMPATH\Filters\CSRF.php(52): CodeIgniter\Security\Security->verify(Object(CodeIgniter\HTTP\IncomingRequest))
 3 SYSTEMPATH\Filters\Filters.php(241): CodeIgniter\Filters\CSRF->before(Object(CodeIgniter\HTTP\IncomingRequest), null)
 4 SYSTEMPATH\Filters\Filters.php(221): CodeIgniter\Filters\Filters->runBefore([...])
 5 SYSTEMPATH\CodeIgniter.php(465): CodeIgniter\Filters\Filters->run('crm/licencia/activar', 'before')
 6 SYSTEMPATH\CodeIgniter.php(340): CodeIgniter\CodeIgniter->handleRequest(null, Object(Config\Cache), false)
 7 SYSTEMPATH\Boot.php(417): CodeIgniter\CodeIgniter->run()
 8 SYSTEMPATH\Boot.php(68): CodeIgniter\Boot::runCodeIgniter(Object(CodeIgniter\CodeIgniter))
 9 FCPATH\index.php(59): CodeIgniter\Boot::bootWeb(Object(Config\Paths))
CRITICAL - 2026-06-23 03:01:53 --> CodeIgniter\Security\Exceptions\SecurityException: The action you requested is not allowed.
[Method: POST, Route: crm/licencia/activar]
in SYSTEMPATH\Security\Security.php on line 258.
 1 SYSTEMPATH\Security\Security.php(258): CodeIgniter\Security\Exceptions\SecurityException::forDisallowedAction()
 2 SYSTEMPATH\Filters\CSRF.php(52): CodeIgniter\Security\Security->verify(Object(CodeIgniter\HTTP\IncomingRequest))
 3 SYSTEMPATH\Filters\Filters.php(241): CodeIgniter\Filters\CSRF->before(Object(CodeIgniter\HTTP\IncomingRequest), null)
 4 SYSTEMPATH\Filters\Filters.php(221): CodeIgniter\Filters\Filters->runBefore([...])
 5 SYSTEMPATH\CodeIgniter.php(465): CodeIgniter\Filters\Filters->run('crm/licencia/activar', 'before')
 6 SYSTEMPATH\CodeIgniter.php(340): CodeIgniter\CodeIgniter->handleRequest(null, Object(Config\Cache), false)
 7 SYSTEMPATH\Boot.php(417): CodeIgniter\CodeIgniter->run()
 8 SYSTEMPATH\Boot.php(68): CodeIgniter\Boot::runCodeIgniter(Object(CodeIgniter\CodeIgniter))
 9 FCPATH\index.php(59): CodeIgniter\Boot::bootWeb(Object(Config\Paths))
CRITICAL - 2026-06-23 03:01:54 --> CodeIgniter\Security\Exceptions\SecurityException: The action you requested is not allowed.
[Method: POST, Route: crm/licencia/activar]
in SYSTEMPATH\Security\Security.php on line 258.
 1 SYSTEMPATH\Security\Security.php(258): CodeIgniter\Security\Exceptions\SecurityException::forDisallowedAction()
 2 SYSTEMPATH\Filters\CSRF.php(52): CodeIgniter\Security\Security->verify(Object(CodeIgniter\HTTP\IncomingRequest))
 3 SYSTEMPATH\Filters\Filters.php(241): CodeIgniter\Filters\CSRF->before(Object(CodeIgniter\HTTP\IncomingRequest), null)
 4 SYSTEMPATH\Filters\Filters.php(221): CodeIgniter\Filters\Filters->runBefore([...])
 5 SYSTEMPATH\CodeIgniter.php(465): CodeIgniter\Filters\Filters->run('crm/licencia/activar', 'before')
 6 SYSTEMPATH\CodeIgniter.php(340): CodeIgniter\CodeIgniter->handleRequest(null, Object(Config\Cache), false)
 7 SYSTEMPATH\Boot.php(417): CodeIgniter\CodeIgniter->run()
 8 SYSTEMPATH\Boot.php(68): CodeIgniter\Boot::runCodeIgniter(Object(CodeIgniter\CodeIgniter))
 9 FCPATH\index.php(59): CodeIgniter\Boot::bootWeb(Object(Config\Paths))
CRITICAL - 2026-06-23 03:01:54 --> CodeIgniter\Security\Exceptions\SecurityException: The action you requested is not allowed.
[Method: POST, Route: crm/licencia/activar]
in SYSTEMPATH\Security\Security.php on line 258.
 1 SYSTEMPATH\Security\Security.php(258): CodeIgniter\Security\Exceptions\SecurityException::forDisallowedAction()
 2 SYSTEMPATH\Filters\CSRF.php(52): CodeIgniter\Security\Security->verify(Object(CodeIgniter\HTTP\IncomingRequest))
 3 SYSTEMPATH\Filters\Filters.php(241): CodeIgniter\Filters\CSRF->before(Object(CodeIgniter\HTTP\IncomingRequest), null)
 4 SYSTEMPATH\Filters\Filters.php(221): CodeIgniter\Filters\Filters->runBefore([...])
 5 SYSTEMPATH\CodeIgniter.php(465): CodeIgniter\Filters\Filters->run('crm/licencia/activar', 'before')
 6 SYSTEMPATH\CodeIgniter.php(340): CodeIgniter\CodeIgniter->handleRequest(null, Object(Config\Cache), false)
 7 SYSTEMPATH\Boot.php(417): CodeIgniter\CodeIgniter->run()
 8 SYSTEMPATH\Boot.php(68): CodeIgniter\Boot::runCodeIgniter(Object(CodeIgniter\CodeIgniter))
 9 FCPATH\index.php(59): CodeIgniter\Boot::bootWeb(Object(Config\Paths))
CRITICAL - 2026-06-23 03:01:54 --> CodeIgniter\Security\Exceptions\SecurityException: The action you requested is not allowed.
[Method: POST, Route: crm/licencia/activar]
in SYSTEMPATH\Security\Security.php on line 258.
 1 SYSTEMPATH\Security\Security.php(258): CodeIgniter\Security\Exceptions\SecurityException::forDisallowedAction()
 2 SYSTEMPATH\Filters\CSRF.php(52): CodeIgniter\Security\Security->verify(Object(CodeIgniter\HTTP\IncomingRequest))
 3 SYSTEMPATH\Filters\Filters.php(241): CodeIgniter\Filters\CSRF->before(Object(CodeIgniter\HTTP\IncomingRequest), null)
 4 SYSTEMPATH\Filters\Filters.php(221): CodeIgniter\Filters\Filters->runBefore([...])
 5 SYSTEMPATH\CodeIgniter.php(465): CodeIgniter\Filters\Filters->run('crm/licencia/activar', 'before')
 6 SYSTEMPATH\CodeIgniter.php(340): CodeIgniter\CodeIgniter->handleRequest(null, Object(Config\Cache), false)
 7 SYSTEMPATH\Boot.php(417): CodeIgniter\CodeIgniter->run()
 8 SYSTEMPATH\Boot.php(68): CodeIgniter\Boot::runCodeIgniter(Object(CodeIgniter\CodeIgniter))
 9 FCPATH\index.php(59): CodeIgniter\Boot::bootWeb(Object(Config\Paths))
CRITICAL - 2026-06-23 03:01:54 --> CodeIgniter\Security\Exceptions\SecurityException: The action you requested is not allowed.
[Method: POST, Route: crm/licencia/activar]
in SYSTEMPATH\Security\Security.php on line 258.
 1 SYSTEMPATH\Security\Security.php(258): CodeIgniter\Security\Exceptions\SecurityException::forDisallowedAction()
 2 SYSTEMPATH\Filters\CSRF.php(52): CodeIgniter\Security\Security->verify(Object(CodeIgniter\HTTP\IncomingRequest))
 3 SYSTEMPATH\Filters\Filters.php(241): CodeIgniter\Filters\CSRF->before(Object(CodeIgniter\HTTP\IncomingRequest), null)
 4 SYSTEMPATH\Filters\Filters.php(221): CodeIgniter\Filters\Filters->runBefore([...])
 5 SYSTEMPATH\CodeIgniter.php(465): CodeIgniter\Filters\Filters->run('crm/licencia/activar', 'before')
 6 SYSTEMPATH\CodeIgniter.php(340): CodeIgniter\CodeIgniter->handleRequest(null, Object(Config\Cache), false)
 7 SYSTEMPATH\Boot.php(417): CodeIgniter\CodeIgniter->run()
 8 SYSTEMPATH\Boot.php(68): CodeIgniter\Boot::runCodeIgniter(Object(CodeIgniter\CodeIgniter))
 9 FCPATH\index.php(59): CodeIgniter\Boot::bootWeb(Object(Config\Paths))
CRITICAL - 2026-06-23 03:01:55 --> CodeIgniter\Security\Exceptions\SecurityException: The action you requested is not allowed.
[Method: POST, Route: crm/licencia/activar]
in SYSTEMPATH\Security\Security.php on line 258.
 1 SYSTEMPATH\Security\Security.php(258): CodeIgniter\Security\Exceptions\SecurityException::forDisallowedAction()
 2 SYSTEMPATH\Filters\CSRF.php(52): CodeIgniter\Security\Security->verify(Object(CodeIgniter\HTTP\IncomingRequest))
 3 SYSTEMPATH\Filters\Filters.php(241): CodeIgniter\Filters\CSRF->before(Object(CodeIgniter\HTTP\IncomingRequest), null)
 4 SYSTEMPATH\Filters\Filters.php(221): CodeIgniter\Filters\Filters->runBefore([...])
 5 SYSTEMPATH\CodeIgniter.php(465): CodeIgniter\Filters\Filters->run('crm/licencia/activar', 'before')
 6 SYSTEMPATH\CodeIgniter.php(340): CodeIgniter\CodeIgniter->handleRequest(null, Object(Config\Cache), false)
 7 SYSTEMPATH\Boot.php(417): CodeIgniter\CodeIgniter->run()
 8 SYSTEMPATH\Boot.php(68): CodeIgniter\Boot::runCodeIgniter(Object(CodeIgniter\CodeIgniter))
 9 FCPATH\index.php(59): CodeIgniter\Boot::bootWeb(Object(Config\Paths))
CRITICAL - 2026-06-23 03:02:18 --> CodeIgniter\Security\Exceptions\SecurityException: The action you requested is not allowed.
[Method: POST, Route: crm/licencia/activar]
in SYSTEMPATH\Security\Security.php on line 258.
 1 SYSTEMPATH\Security\Security.php(258): CodeIgniter\Security\Exceptions\SecurityException::forDisallowedAction()
 2 SYSTEMPATH\Filters\CSRF.php(52): CodeIgniter\Security\Security->verify(Object(CodeIgniter\HTTP\IncomingRequest))
 3 SYSTEMPATH\Filters\Filters.php(241): CodeIgniter\Filters\CSRF->before(Object(CodeIgniter\HTTP\IncomingRequest), null)
 4 SYSTEMPATH\Filters\Filters.php(221): CodeIgniter\Filters\Filters->runBefore([...])
 5 SYSTEMPATH\CodeIgniter.php(465): CodeIgniter\Filters\Filters->run('crm/licencia/activar', 'before')
 6 SYSTEMPATH\CodeIgniter.php(340): CodeIgniter\CodeIgniter->handleRequest(null, Object(Config\Cache), false)
 7 SYSTEMPATH\Boot.php(417): CodeIgniter\CodeIgniter->run()
 8 SYSTEMPATH\Boot.php(68): CodeIgniter\Boot::runCodeIgniter(Object(CodeIgniter\CodeIgniter))
 9 FCPATH\index.php(59): CodeIgniter\Boot::bootWeb(Object(Config\Paths))
CRITICAL - 2026-06-23 03:07:43 --> CodeIgniter\Security\Exceptions\SecurityException: The action you requested is not allowed.
[Method: POST, Route: crm/licencia/activar]
in SYSTEMPATH\Security\Security.php on line 258.
 1 SYSTEMPATH\Security\Security.php(258): CodeIgniter\Security\Exceptions\SecurityException::forDisallowedAction()
 2 SYSTEMPATH\Filters\CSRF.php(52): CodeIgniter\Security\Security->verify(Object(CodeIgniter\HTTP\IncomingRequest))
 3 SYSTEMPATH\Filters\Filters.php(241): CodeIgniter\Filters\CSRF->before(Object(CodeIgniter\HTTP\IncomingRequest), null)
 4 SYSTEMPATH\Filters\Filters.php(221): CodeIgniter\Filters\Filters->runBefore([...])
 5 SYSTEMPATH\CodeIgniter.php(465): CodeIgniter\Filters\Filters->run('crm/licencia/activar', 'before')
 6 SYSTEMPATH\CodeIgniter.php(340): CodeIgniter\CodeIgniter->handleRequest(null, Object(Config\Cache), false)
 7 SYSTEMPATH\Boot.php(417): CodeIgniter\CodeIgniter->run()
 8 SYSTEMPATH\Boot.php(68): CodeIgniter\Boot::runCodeIgniter(Object(CodeIgniter\CodeIgniter))
 9 FCPATH\index.php(59): CodeIgniter\Boot::bootWeb(Object(Config\Paths))
DEBUG - 2026-06-23 03:07:45 --> Session: Class initialized using 'CodeIgniter\Session\Handlers\FileHandler' driver.
DEBUG - 2026-06-23 03:07:46 --> Session: Class initialized using 'CodeIgniter\Session\Handlers\FileHandler' driver.
INFO - 2026-06-23 03:08:09 --> CSRF token verified.
DEBUG - 2026-06-23 03:08:09 --> Session: Class initialized using 'CodeIgniter\Session\Handlers\FileHandler' driver.
DEBUG - 2026-06-23 03:08:09 --> Session: Class initialized using 'CodeIgniter\Session\Handlers\FileHandler' driver.
DEBUG - 2026-06-23 03:08:13 --> Session: Class initialized using 'CodeIgniter\Session\Handlers\FileHandler' driver.
INFO - 2026-06-23 03:08:27 --> CSRF token verified.
DEBUG - 2026-06-23 03:08:27 --> [LicenciaController::activarLicencia] Comparación de longitudes — POST len=21 | KEY_PLATA len=21 | KEY_ORO len=19
INFO - 2026-06-23 03:08:27 --> [LicenciaController] Licencia actualizada a nivel 'Plata' para marca ID 1.
DEBUG - 2026-06-23 03:08:29 --> Session: Class initialized using 'CodeIgniter\Session\Handlers\FileHandler' driver.
DEBUG - 2026-06-23 03:08:34 --> Session: Class initialized using 'CodeIgniter\Session\Handlers\FileHandler' driver.
DEBUG - 2026-06-23 03:14:35 --> Session: Class initialized using 'CodeIgniter\Session\Handlers\FileHandler' driver.
DEBUG - 2026-06-23 03:14:36 --> Session: Class initialized using 'CodeIgniter\Session\Handlers\FileHandler' driver.
DEBUG - 2026-06-23 03:14:37 --> Session: Class initialized using 'CodeIgniter\Session\Handlers\FileHandler' driver.
DEBUG - 2026-06-23 03:14:38 --> Session: Class initialized using 'CodeIgniter\Session\Handlers\FileHandler' driver.
DEBUG - 2026-06-23 03:14:38 --> Session: Class initialized using 'CodeIgniter\Session\Handlers\FileHandler' driver.
INFO - 2026-06-23 03:14:48 --> CSRF token verified.
DEBUG - 2026-06-23 03:14:48 --> [LicenciaController::activarLicencia] Comparación de longitudes — POST len=252 | KEY_PLATA len=21 | KEY_ORO len=19
DEBUG - 2026-06-23 03:14:48 --> [LicenciaController] Llave inválida. HEX recibido: 69746f206465206c6120706574696369c3b36e2c206c6c616d652061206c612066756e6369c3b36e2061637475616c697a6172496e74657266617a506c616e2079206469737061726520756e20546f61737420646520c3a97869746f207573616e646f205377656574416c657274322e2020436f6e73697374656e6369613a2041736567c3ba726174652064652071756520656c2065737461646f2064656c20626f74c3b36e20616e746572696f7220736561207265616374697661646f20636f7272656374616d656e746520736920656c207573756172696f207675656c766520612063616d6269617220646520706c616e20656e20656c2066757475726f2e
INFO - 2026-06-23 03:15:12 --> CSRF token verified.
DEBUG - 2026-06-23 03:15:12 --> [LicenciaController::activarLicencia] Comparación de longitudes — POST len=17 | KEY_PLATA len=21 | KEY_ORO len=19
DEBUG - 2026-06-23 03:15:12 --> [LicenciaController] Llave inválida. HEX recibido: 617665536563726574614f726f32303236
INFO - 2026-06-23 03:15:39 --> CSRF token verified.
DEBUG - 2026-06-23 03:15:39 --> [LicenciaController::activarLicencia] Comparación de longitudes — POST len=17 | KEY_PLATA len=21 | KEY_ORO len=19
DEBUG - 2026-06-23 03:15:39 --> [LicenciaController] Llave inválida. HEX recibido: 617665536563726574614f726f32303236
INFO - 2026-06-23 03:15:50 --> CSRF token verified.
DEBUG - 2026-06-23 03:15:50 --> [LicenciaController::activarLicencia] Comparación de longitudes — POST len=21 | KEY_PLATA len=21 | KEY_ORO len=19
INFO - 2026-06-23 03:15:50 --> [LicenciaController] Licencia actualizada a nivel 'Plata' para marca ID 1.
CRITICAL - 2026-06-23 03:20:47 --> CodeIgniter\Security\Exceptions\SecurityException: The action you requested is not allowed.
[Method: POST, Route: crm/licencia/activar]
in SYSTEMPATH\Security\Security.php on line 258.
 1 SYSTEMPATH\Security\Security.php(258): CodeIgniter\Security\Exceptions\SecurityException::forDisallowedAction()
 2 SYSTEMPATH\Filters\CSRF.php(52): CodeIgniter\Security\Security->verify(Object(CodeIgniter\HTTP\IncomingRequest))
 3 SYSTEMPATH\Filters\Filters.php(241): CodeIgniter\Filters\CSRF->before(Object(CodeIgniter\HTTP\IncomingRequest), null)
 4 SYSTEMPATH\Filters\Filters.php(221): CodeIgniter\Filters\Filters->runBefore([...])
 5 SYSTEMPATH\CodeIgniter.php(465): CodeIgniter\Filters\Filters->run('crm/licencia/activar', 'before')
 6 SYSTEMPATH\CodeIgniter.php(340): CodeIgniter\CodeIgniter->handleRequest(null, Object(Config\Cache), false)
 7 SYSTEMPATH\Boot.php(417): CodeIgniter\CodeIgniter->run()
 8 SYSTEMPATH\Boot.php(68): CodeIgniter\Boot::runCodeIgniter(Object(CodeIgniter\CodeIgniter))
 9 FCPATH\index.php(59): CodeIgniter\Boot::bootWeb(Object(Config\Paths))
DEBUG - 2026-06-23 03:20:54 --> Session: Class initialized using 'CodeIgniter\Session\Handlers\FileHandler' driver.
INFO - 2026-06-23 03:20:58 --> CSRF token verified.
DEBUG - 2026-06-23 03:20:58 --> [LicenciaController::activarLicencia] Comparación de longitudes — POST len=19 | KEY_Plata len=21 | KEY_Oro len=19
INFO - 2026-06-23 03:20:58 --> [LicenciaController] Licencia actualizada a nivel 'Oro' para marca ID 1.
INFO - 2026-06-23 03:21:12 --> CSRF token verified.
DEBUG - 2026-06-23 03:21:12 --> [LicenciaController::activarLicencia] Comparación de longitudes — POST len=21 | KEY_Plata len=21 | KEY_Oro len=19
INFO - 2026-06-23 03:21:12 --> [LicenciaController] Licencia actualizada a nivel 'Plata' para marca ID 1.
DEBUG - 2026-06-23 03:21:41 --> Session: Class initialized using 'CodeIgniter\Session\Handlers\FileHandler' driver.
DEBUG - 2026-06-23 03:21:49 --> Session: Class initialized using 'CodeIgniter\Session\Handlers\FileHandler' driver.
INFO - 2026-06-23 03:21:58 --> CSRF token verified.
DEBUG - 2026-06-23 03:21:58 --> [LicenciaController::activarLicencia] Comparación de longitudes — POST len=19 | KEY_Plata len=21 | KEY_Oro len=19
INFO - 2026-06-23 03:21:58 --> [LicenciaController] Licencia actualizada a nivel 'Oro' para marca ID 1.
DEBUG - 2026-06-23 03:22:00 --> Session: Class initialized using 'CodeIgniter\Session\Handlers\FileHandler' driver.
DEBUG - 2026-06-23 03:22:35 --> Session: Class initialized using 'CodeIgniter\Session\Handlers\FileHandler' driver.
DEBUG - 2026-06-23 03:22:36 --> Session: Class initialized using 'CodeIgniter\Session\Handlers\FileHandler' driver.
DEBUG - 2026-06-23 03:22:41 --> Session: Class initialized using 'CodeIgniter\Session\Handlers\FileHandler' driver.
DEBUG - 2026-06-23 03:22:46 --> Session: Class initialized using 'CodeIgniter\Session\Handlers\FileHandler' driver.
DEBUG - 2026-06-23 03:24:24 --> Session: Class initialized using 'CodeIgniter\Session\Handlers\FileHandler' driver.
DEBUG - 2026-06-23 03:24:26 --> Session: Class initialized using 'CodeIgniter\Session\Handlers\FileHandler' driver.
DEBUG - 2026-06-23 03:24:26 --> Session: Class initialized using 'CodeIgniter\Session\Handlers\FileHandler' driver.
DEBUG - 2026-06-23 03:24:27 --> Session: Class initialized using 'CodeIgniter\Session\Handlers\FileHandler' driver.
DEBUG - 2026-06-23 03:24:30 --> Session: Class initialized using 'CodeIgniter\Session\Handlers\FileHandler' driver.
DEBUG - 2026-06-23 03:25:28 --> Session: Class initialized using 'CodeIgniter\Session\Handlers\FileHandler' driver.
DEBUG - 2026-06-23 03:25:30 --> Session: Class initialized using 'CodeIgniter\Session\Handlers\FileHandler' driver.
DEBUG - 2026-06-23 03:25:32 --> Session: Class initialized using 'CodeIgniter\Session\Handlers\FileHandler' driver.
DEBUG - 2026-06-23 03:25:32 --> Session: Class initialized using 'CodeIgniter\Session\Handlers\FileHandler' driver.
DEBUG - 2026-06-23 03:25:33 --> Session: Class initialized using 'CodeIgniter\Session\Handlers\FileHandler' driver.
DEBUG - 2026-06-23 03:25:34 --> Session: Class initialized using 'CodeIgniter\Session\Handlers\FileHandler' driver.
DEBUG - 2026-06-23 03:25:40 --> Session: Class initialized using 'CodeIgniter\Session\Handlers\FileHandler' driver.
DEBUG - 2026-06-23 03:25:57 --> Session: Class initialized using 'CodeIgniter\Session\Handlers\FileHandler' driver.
DEBUG - 2026-06-23 11:45:45 --> Session: Class initialized using 'CodeIgniter\Session\Handlers\FileHandler' driver.
DEBUG - 2026-06-23 11:45:46 --> Session: Class initialized using 'CodeIgniter\Session\Handlers\FileHandler' driver.
INFO - 2026-06-23 11:46:43 --> CSRF token verified.
DEBUG - 2026-06-23 11:46:44 --> Session: Class initialized using 'CodeIgniter\Session\Handlers\FileHandler' driver.
DEBUG - 2026-06-23 11:46:44 --> Session: Class initialized using 'CodeIgniter\Session\Handlers\FileHandler' driver.
DEBUG - 2026-06-23 11:46:54 --> Session: Class initialized using 'CodeIgniter\Session\Handlers\FileHandler' driver.
DEBUG - 2026-06-23 11:46:55 --> Session: Class initialized using 'CodeIgniter\Session\Handlers\FileHandler' driver.
DEBUG - 2026-06-23 11:47:05 --> Session: Class initialized using 'CodeIgniter\Session\Handlers\FileHandler' driver.
DEBUG - 2026-06-23 11:48:51 --> Session: Class initialized using 'CodeIgniter\Session\Handlers\FileHandler' driver.
DEBUG - 2026-06-23 11:48:51 --> Session: Class initialized using 'CodeIgniter\Session\Handlers\FileHandler' driver.
INFO - 2026-06-23 11:48:55 --> CSRF token verified.
DEBUG - 2026-06-23 11:48:55 --> Session: Class initialized using 'CodeIgniter\Session\Handlers\FileHandler' driver.
DEBUG - 2026-06-23 11:48:55 --> Session: Class initialized using 'CodeIgniter\Session\Handlers\FileHandler' driver.
DEBUG - 2026-06-23 11:48:57 --> Session: Class initialized using 'CodeIgniter\Session\Handlers\FileHandler' driver.
DEBUG - 2026-06-23 11:49:00 --> Session: Class initialized using 'CodeIgniter\Session\Handlers\FileHandler' driver.
DEBUG - 2026-06-23 11:49:01 --> Session: Class initialized using 'CodeIgniter\Session\Handlers\FileHandler' driver.
DEBUG - 2026-06-23 11:49:02 --> Session: Class initialized using 'CodeIgniter\Session\Handlers\FileHandler' driver.
DEBUG - 2026-06-23 11:49:03 --> Session: Class initialized using 'CodeIgniter\Session\Handlers\FileHandler' driver.
DEBUG - 2026-06-23 11:49:03 --> Session: Class initialized using 'CodeIgniter\Session\Handlers\FileHandler' driver.
DEBUG - 2026-06-23 11:49:03 --> Session: Class initialized using 'CodeIgniter\Session\Handlers\FileHandler' driver.
DEBUG - 2026-06-23 11:49:04 --> Session: Class initialized using 'CodeIgniter\Session\Handlers\FileHandler' driver.
DEBUG - 2026-06-23 11:49:07 --> Session: Class initialized using 'CodeIgniter\Session\Handlers\FileHandler' driver.
DEBUG - 2026-06-23 11:49:07 --> Session: Class initialized using 'CodeIgniter\Session\Handlers\FileHandler' driver.
DEBUG - 2026-06-23 11:49:12 --> Session: Class initialized using 'CodeIgniter\Session\Handlers\FileHandler' driver.
DEBUG - 2026-06-23 11:50:25 --> Session: Class initialized using 'CodeIgniter\Session\Handlers\FileHandler' driver.
DEBUG - 2026-06-23 11:50:26 --> Session: Class initialized using 'CodeIgniter\Session\Handlers\FileHandler' driver.
INFO - 2026-06-23 11:50:32 --> CSRF token verified.
DEBUG - 2026-06-23 11:50:32 --> Session: Class initialized using 'CodeIgniter\Session\Handlers\FileHandler' driver.
DEBUG - 2026-06-23 11:50:32 --> Session: Class initialized using 'CodeIgniter\Session\Handlers\FileHandler' driver.
DEBUG - 2026-06-23 11:50:40 --> Session: Class initialized using 'CodeIgniter\Session\Handlers\FileHandler' driver.
DEBUG - 2026-06-23 11:50:40 --> Session: Class initialized using 'CodeIgniter\Session\Handlers\FileHandler' driver.
DEBUG - 2026-06-23 11:51:04 --> Session: Class initialized using 'CodeIgniter\Session\Handlers\FileHandler' driver.
DEBUG - 2026-06-23 11:51:54 --> Session: Class initialized using 'CodeIgniter\Session\Handlers\FileHandler' driver.
DEBUG - 2026-06-23 11:52:32 --> Session: Class initialized using 'CodeIgniter\Session\Handlers\FileHandler' driver.
DEBUG - 2026-06-23 11:52:57 --> Session: Class initialized using 'CodeIgniter\Session\Handlers\FileHandler' driver.
DEBUG - 2026-06-23 11:52:57 --> Session: Class initialized using 'CodeIgniter\Session\Handlers\FileHandler' driver.
DEBUG - 2026-06-23 11:52:59 --> Session: Class initialized using 'CodeIgniter\Session\Handlers\FileHandler' driver.
DEBUG - 2026-06-23 14:09:38 --> Session: Class initialized using 'CodeIgniter\Session\Handlers\FileHandler' driver.
DEBUG - 2026-06-23 14:09:38 --> Session: Class initialized using 'CodeIgniter\Session\Handlers\FileHandler' driver.
INFO - 2026-06-23 14:10:04 --> CSRF token verified.
DEBUG - 2026-06-23 14:10:04 --> Session: Class initialized using 'CodeIgniter\Session\Handlers\FileHandler' driver.
DEBUG - 2026-06-23 14:10:04 --> Session: Class initialized using 'CodeIgniter\Session\Handlers\FileHandler' driver.
INFO - 2026-06-23 14:12:09 --> CSRF token verified.
DEBUG - 2026-06-23 14:12:09 --> Session: Class initialized using 'CodeIgniter\Session\Handlers\FileHandler' driver.
DEBUG - 2026-06-23 14:12:12 --> Session: Class initialized using 'CodeIgniter\Session\Handlers\FileHandler' driver.
DEBUG - 2026-06-23 14:12:16 --> Session: Class initialized using 'CodeIgniter\Session\Handlers\FileHandler' driver.
DEBUG - 2026-06-23 14:12:17 --> Session: Class initialized using 'CodeIgniter\Session\Handlers\FileHandler' driver.
DEBUG - 2026-06-23 14:12:21 --> Session: Class initialized using 'CodeIgniter\Session\Handlers\FileHandler' driver.
DEBUG - 2026-06-23 14:21:28 --> Session: Class initialized using 'CodeIgniter\Session\Handlers\FileHandler' driver.
DEBUG - 2026-06-23 14:21:29 --> Session: Class initialized using 'CodeIgniter\Session\Handlers\FileHandler' driver.
DEBUG - 2026-06-23 14:21:32 --> Session: Class initialized using 'CodeIgniter\Session\Handlers\FileHandler' driver.
DEBUG - 2026-06-23 14:21:33 --> Session: Class initialized using 'CodeIgniter\Session\Handlers\FileHandler' driver.
DEBUG - 2026-06-23 14:21:33 --> Session: Class initialized using 'CodeIgniter\Session\Handlers\FileHandler' driver.
DEBUG - 2026-06-23 14:21:34 --> Session: Class initialized using 'CodeIgniter\Session\Handlers\FileHandler' driver.
DEBUG - 2026-06-23 14:21:42 --> Session: Class initialized using 'CodeIgniter\Session\Handlers\FileHandler' driver.
INFO - 2026-06-23 14:30:00 --> CSRF token verified.
DEBUG - 2026-06-23 14:30:00 --> Session: Class initialized using 'CodeIgniter\Session\Handlers\FileHandler' driver.
DEBUG - 2026-06-23 14:30:00 --> Session: Class initialized using 'CodeIgniter\Session\Handlers\FileHandler' driver.
DEBUG - 2026-06-23 14:49:34 --> Session: Class initialized using 'CodeIgniter\Session\Handlers\FileHandler' driver.
DEBUG - 2026-06-23 14:49:34 --> Session: Class initialized using 'CodeIgniter\Session\Handlers\FileHandler' driver.
INFO - 2026-06-23 14:49:59 --> CSRF token verified.
DEBUG - 2026-06-23 14:49:59 --> Session: Class initialized using 'CodeIgniter\Session\Handlers\FileHandler' driver.
DEBUG - 2026-06-23 14:49:59 --> Session: Class initialized using 'CodeIgniter\Session\Handlers\FileHandler' driver.
DEBUG - 2026-06-23 14:57:03 --> Session: Class initialized using 'CodeIgniter\Session\Handlers\FileHandler' driver.
DEBUG - 2026-06-23 14:57:47 --> Session: Class initialized using 'CodeIgniter\Session\Handlers\FileHandler' driver.
DEBUG - 2026-06-23 14:58:15 --> Session: Class initialized using 'CodeIgniter\Session\Handlers\FileHandler' driver.
INFO - 2026-06-23 14:58:21 --> CSRF token verified.
DEBUG - 2026-06-23 14:58:21 --> Session: Class initialized using 'CodeIgniter\Session\Handlers\FileHandler' driver.
DEBUG - 2026-06-23 14:58:21 --> Session: Class initialized using 'CodeIgniter\Session\Handlers\FileHandler' driver.
INFO - 2026-06-23 14:58:34 --> CSRF token verified.
DEBUG - 2026-06-23 14:58:34 --> Session: Class initialized using 'CodeIgniter\Session\Handlers\FileHandler' driver.
CRITICAL - 2026-06-23 14:58:47 --> CodeIgniter\Security\Exceptions\SecurityException: The action you requested is not allowed.
[Method: POST, Route: super/apartamentos/registrar-condominio]
in SYSTEMPATH\Security\Security.php on line 258.
 1 SYSTEMPATH\Security\Security.php(258): CodeIgniter\Security\Exceptions\SecurityException::forDisallowedAction()
 2 SYSTEMPATH\Filters\CSRF.php(52): CodeIgniter\Security\Security->verify(Object(CodeIgniter\HTTP\IncomingRequest))
 3 SYSTEMPATH\Filters\Filters.php(241): CodeIgniter\Filters\CSRF->before(Object(CodeIgniter\HTTP\IncomingRequest), null)
 4 SYSTEMPATH\Filters\Filters.php(221): CodeIgniter\Filters\Filters->runBefore([...])
 5 SYSTEMPATH\CodeIgniter.php(465): CodeIgniter\Filters\Filters->run('super/apartamentos/registrar-condominio', 'before')
 6 SYSTEMPATH\CodeIgniter.php(340): CodeIgniter\CodeIgniter->handleRequest(null, Object(Config\Cache), false)
 7 SYSTEMPATH\Boot.php(417): CodeIgniter\CodeIgniter->run()
 8 SYSTEMPATH\Boot.php(68): CodeIgniter\Boot::runCodeIgniter(Object(CodeIgniter\CodeIgniter))
 9 FCPATH\index.php(59): CodeIgniter\Boot::bootWeb(Object(Config\Paths))
DEBUG - 2026-06-23 14:59:06 --> Session: Class initialized using 'CodeIgniter\Session\Handlers\FileHandler' driver.
INFO - 2026-06-23 14:59:18 --> CSRF token verified.
DEBUG - 2026-06-23 14:59:18 --> Session: Class initialized using 'CodeIgniter\Session\Handlers\FileHandler' driver.
DEBUG - 2026-06-23 14:59:18 --> Session: Class initialized using 'CodeIgniter\Session\Handlers\FileHandler' driver.
INFO - 2026-06-23 14:59:54 --> CSRF token verified.
DEBUG - 2026-06-23 14:59:54 --> Session: Class initialized using 'CodeIgniter\Session\Handlers\FileHandler' driver.
DEBUG - 2026-06-23 14:59:54 --> Session: Class initialized using 'CodeIgniter\Session\Handlers\FileHandler' driver.
INFO - 2026-06-23 15:00:10 --> CSRF token verified.
DEBUG - 2026-06-23 15:00:10 --> Session: Class initialized using 'CodeIgniter\Session\Handlers\FileHandler' driver.
DEBUG - 2026-06-23 15:00:10 --> Session: Class initialized using 'CodeIgniter\Session\Handlers\FileHandler' driver.
DEBUG - 2026-06-23 15:00:16 --> Session: Class initialized using 'CodeIgniter\Session\Handlers\FileHandler' driver.
INFO - 2026-06-23 15:00:52 --> CSRF token verified.
DEBUG - 2026-06-23 15:00:52 --> Session: Class initialized using 'CodeIgniter\Session\Handlers\FileHandler' driver.
DEBUG - 2026-06-23 15:00:52 --> Session: Class initialized using 'CodeIgniter\Session\Handlers\FileHandler' driver.
INFO - 2026-06-23 15:06:05 --> CSRF token verified.
DEBUG - 2026-06-23 15:06:05 --> Session: Class initialized using 'CodeIgniter\Session\Handlers\FileHandler' driver.
DEBUG - 2026-06-23 15:06:05 --> Session: Class initialized using 'CodeIgniter\Session\Handlers\FileHandler' driver.
DEBUG - 2026-06-23 15:06:09 --> Session: Class initialized using 'CodeIgniter\Session\Handlers\FileHandler' driver.
INFO - 2026-06-23 15:06:18 --> CSRF token verified.
DEBUG - 2026-06-23 15:06:18 --> Session: Class initialized using 'CodeIgniter\Session\Handlers\FileHandler' driver.
CRITICAL - 2026-06-23 15:06:24 --> CodeIgniter\Security\Exceptions\SecurityException: The action you requested is not allowed.
[Method: POST, Route: super/apartamentos/registrar-condominio]
in SYSTEMPATH\Security\Security.php on line 258.
 1 SYSTEMPATH\Security\Security.php(258): CodeIgniter\Security\Exceptions\SecurityException::forDisallowedAction()
 2 SYSTEMPATH\Filters\CSRF.php(52): CodeIgniter\Security\Security->verify(Object(CodeIgniter\HTTP\IncomingRequest))
 3 SYSTEMPATH\Filters\Filters.php(241): CodeIgniter\Filters\CSRF->before(Object(CodeIgniter\HTTP\IncomingRequest), null)
 4 SYSTEMPATH\Filters\Filters.php(221): CodeIgniter\Filters\Filters->runBefore([...])
 5 SYSTEMPATH\CodeIgniter.php(465): CodeIgniter\Filters\Filters->run('super/apartamentos/registrar-condominio', 'before')
 6 SYSTEMPATH\CodeIgniter.php(340): CodeIgniter\CodeIgniter->handleRequest(null, Object(Config\Cache), false)
 7 SYSTEMPATH\Boot.php(417): CodeIgniter\CodeIgniter->run()
 8 SYSTEMPATH\Boot.php(68): CodeIgniter\Boot::runCodeIgniter(Object(CodeIgniter\CodeIgniter))
 9 FCPATH\index.php(59): CodeIgniter\Boot::bootWeb(Object(Config\Paths))
DEBUG - 2026-06-23 15:13:20 --> Session: Class initialized using 'CodeIgniter\Session\Handlers\FileHandler' driver.
DEBUG - 2026-06-23 15:13:24 --> Session: Class initialized using 'CodeIgniter\Session\Handlers\FileHandler' driver.
INFO - 2026-06-23 15:13:31 --> CSRF token verified.
DEBUG - 2026-06-23 15:13:31 --> Session: Class initialized using 'CodeIgniter\Session\Handlers\FileHandler' driver.
DEBUG - 2026-06-23 15:13:31 --> Session: Class initialized using 'CodeIgniter\Session\Handlers\FileHandler' driver.
INFO - 2026-06-23 15:14:16 --> CSRF token verified.
DEBUG - 2026-06-23 15:14:16 --> Session: Class initialized using 'CodeIgniter\Session\Handlers\FileHandler' driver.
DEBUG - 2026-06-23 15:14:16 --> Session: Class initialized using 'CodeIgniter\Session\Handlers\FileHandler' driver.
INFO - 2026-06-23 15:14:42 --> CSRF token verified.
DEBUG - 2026-06-23 15:14:42 --> Session: Class initialized using 'CodeIgniter\Session\Handlers\FileHandler' driver.
DEBUG - 2026-06-23 15:14:42 --> Session: Class initialized using 'CodeIgniter\Session\Handlers\FileHandler' driver.
INFO - 2026-06-23 15:14:53 --> CSRF token verified.
DEBUG - 2026-06-23 15:14:53 --> Session: Class initialized using 'CodeIgniter\Session\Handlers\FileHandler' driver.
DEBUG - 2026-06-23 15:14:53 --> Session: Class initialized using 'CodeIgniter\Session\Handlers\FileHandler' driver.
INFO - 2026-06-23 15:15:15 --> CSRF token verified.
DEBUG - 2026-06-23 15:15:15 --> Session: Class initialized using 'CodeIgniter\Session\Handlers\FileHandler' driver.
DEBUG - 2026-06-23 15:15:15 --> Session: Class initialized using 'CodeIgniter\Session\Handlers\FileHandler' driver.
INFO - 2026-06-23 15:15:30 --> CSRF token verified.
DEBUG - 2026-06-23 15:15:30 --> Session: Class initialized using 'CodeIgniter\Session\Handlers\FileHandler' driver.
DEBUG - 2026-06-23 15:15:30 --> Session: Class initialized using 'CodeIgniter\Session\Handlers\FileHandler' driver.
INFO - 2026-06-23 15:15:45 --> CSRF token verified.
DEBUG - 2026-06-23 15:15:45 --> Session: Class initialized using 'CodeIgniter\Session\Handlers\FileHandler' driver.
DEBUG - 2026-06-23 15:15:50 --> Session: Class initialized using 'CodeIgniter\Session\Handlers\FileHandler' driver.
INFO - 2026-06-23 15:16:16 --> CSRF token verified.
DEBUG - 2026-06-23 15:16:16 --> Session: Class initialized using 'CodeIgniter\Session\Handlers\FileHandler' driver.
DEBUG - 2026-06-23 15:16:16 --> Session: Class initialized using 'CodeIgniter\Session\Handlers\FileHandler' driver.
INFO - 2026-06-23 15:17:22 --> CSRF token verified.
DEBUG - 2026-06-23 15:17:22 --> Session: Class initialized using 'CodeIgniter\Session\Handlers\FileHandler' driver.
DEBUG - 2026-06-23 15:17:25 --> Session: Class initialized using 'CodeIgniter\Session\Handlers\FileHandler' driver.
INFO - 2026-06-23 15:17:41 --> CSRF token verified.
DEBUG - 2026-06-23 15:17:41 --> Session: Class initialized using 'CodeIgniter\Session\Handlers\FileHandler' driver.
DEBUG - 2026-06-23 15:17:41 --> Session: Class initialized using 'CodeIgniter\Session\Handlers\FileHandler' driver.
INFO - 2026-06-23 15:17:56 --> CSRF token verified.
DEBUG - 2026-06-23 15:17:56 --> Session: Class initialized using 'CodeIgniter\Session\Handlers\FileHandler' driver.
ERROR - 2026-06-23 15:17:56 --> Duplicate entry 'J-12345678-2' for key 'rif_jurisdiccion'
in SYSTEMPATH\Database\MySQLi\Connection.php on line 300.
 1 SYSTEMPATH\Database\MySQLi\Connection.php(300): mysqli->query('INSERT INTO `condominios` (`nombre_condominio`, `rif_jurisdiccion`, `total_metros_cuadrados`, `marca_id`) VALUES (\'albaricoque B\', \'J-12345678-2\', 2200, 1)', 0)
 2 SYSTEMPATH\Database\BaseConnection.php(910): CodeIgniter\Database\MySQLi\Connection->execute('INSERT INTO `condominios` (`nombre_condominio`, `rif_jurisdiccion`, `total_metros_cuadrados`, `marca_id`) VALUES (\'albaricoque B\', \'J-12345678-2\', 2200, 1)')
 3 SYSTEMPATH\Database\BaseConnection.php(827): CodeIgniter\Database\BaseConnection->simpleQuery('INSERT INTO `condominios` (`nombre_condominio`, `rif_jurisdiccion`, `total_metros_cuadrados`, `marca_id`) VALUES (\'albaricoque B\', \'J-12345678-2\', 2200, 1)')
 4 SYSTEMPATH\Database\BaseBuilder.php(2345): CodeIgniter\Database\BaseConnection->query('INSERT INTO `condominios` (`nombre_condominio`, `rif_jurisdiccion`, `total_metros_cuadrados`, `marca_id`) VALUES (:nombre_condominio:, :rif_jurisdiccion:, :total_metros_cuadrados:, :marca_id:)', [...], false)
 5 SYSTEMPATH\Model.php(355): CodeIgniter\Database\BaseBuilder->insert()
 6 SYSTEMPATH\BaseModel.php(899): CodeIgniter\Model->doInsert([...])
 7 SYSTEMPATH\Model.php(668): CodeIgniter\BaseModel->insert([...], true)
 8 APPPATH\Controllers\SuperController.php(72): CodeIgniter\Model->insert([...])
 9 SYSTEMPATH\CodeIgniter.php(951): App\Controllers\SuperController->registrarCondominio()
10 SYSTEMPATH\CodeIgniter.php(497): CodeIgniter\CodeIgniter->runController(Object(App\Controllers\SuperController))
11 SYSTEMPATH\CodeIgniter.php(340): CodeIgniter\CodeIgniter->handleRequest(null, Object(Config\Cache), false)
12 SYSTEMPATH\Boot.php(417): CodeIgniter\CodeIgniter->run()
13 SYSTEMPATH\Boot.php(68): CodeIgniter\Boot::runCodeIgniter(Object(CodeIgniter\CodeIgniter))
14 FCPATH\index.php(59): CodeIgniter\Boot::bootWeb(Object(Config\Paths))
CRITICAL - 2026-06-23 15:17:56 --> CodeIgniter\Database\Exceptions\DatabaseException: Duplicate entry 'J-12345678-2' for key 'rif_jurisdiccion'
[Method: POST, Route: super/apartamentos/registrar-condominio]
in SYSTEMPATH\Database\BaseConnection.php on line 865.
 1 SYSTEMPATH\Database\BaseBuilder.php(2345): CodeIgniter\Database\BaseConnection->query('INSERT INTO `condominios` (`nombre_condominio`, `rif_jurisdiccion`, `total_metros_cuadrados`, `marca_id`) VALUES (:nombre_condominio:, :rif_jurisdiccion:, :total_metros_cuadrados:, :marca_id:)', [...], false)
 2 SYSTEMPATH\Model.php(355): CodeIgniter\Database\BaseBuilder->insert()
 3 SYSTEMPATH\BaseModel.php(899): CodeIgniter\Model->doInsert([...])
 4 SYSTEMPATH\Model.php(668): CodeIgniter\BaseModel->insert([...], true)
 5 APPPATH\Controllers\SuperController.php(72): CodeIgniter\Model->insert([...])
 6 SYSTEMPATH\CodeIgniter.php(951): App\Controllers\SuperController->registrarCondominio()
 7 SYSTEMPATH\CodeIgniter.php(497): CodeIgniter\CodeIgniter->runController(Object(App\Controllers\SuperController))
 8 SYSTEMPATH\CodeIgniter.php(340): CodeIgniter\CodeIgniter->handleRequest(null, Object(Config\Cache), false)
 9 SYSTEMPATH\Boot.php(417): CodeIgniter\CodeIgniter->run()
10 SYSTEMPATH\Boot.php(68): CodeIgniter\Boot::runCodeIgniter(Object(CodeIgniter\CodeIgniter))
11 FCPATH\index.php(59): CodeIgniter\Boot::bootWeb(Object(Config\Paths))
CRITICAL - 2026-06-23 15:17:56 --> [Caused by] CodeIgniter\Database\Exceptions\DatabaseException: Duplicate entry 'J-12345678-2' for key 'rif_jurisdiccion'
in SYSTEMPATH\Database\MySQLi\Connection.php on line 310.
 1 SYSTEMPATH\Database\BaseConnection.php(910): CodeIgniter\Database\MySQLi\Connection->execute('INSERT INTO `condominios` (`nombre_condominio`, `rif_jurisdiccion`, `total_metros_cuadrados`, `marca_id`) VALUES (\'albaricoque B\', \'J-12345678-2\', 2200, 1)')
 2 SYSTEMPATH\Database\BaseConnection.php(827): CodeIgniter\Database\BaseConnection->simpleQuery('INSERT INTO `condominios` (`nombre_condominio`, `rif_jurisdiccion`, `total_metros_cuadrados`, `marca_id`) VALUES (\'albaricoque B\', \'J-12345678-2\', 2200, 1)')
 3 SYSTEMPATH\Database\BaseBuilder.php(2345): CodeIgniter\Database\BaseConnection->query('INSERT INTO `condominios` (`nombre_condominio`, `rif_jurisdiccion`, `total_metros_cuadrados`, `marca_id`) VALUES (:nombre_condominio:, :rif_jurisdiccion:, :total_metros_cuadrados:, :marca_id:)', [...], false)
 4 SYSTEMPATH\Model.php(355): CodeIgniter\Database\BaseBuilder->insert()
 5 SYSTEMPATH\BaseModel.php(899): CodeIgniter\Model->doInsert([...])
 6 SYSTEMPATH\Model.php(668): CodeIgniter\BaseModel->insert([...], true)
 7 APPPATH\Controllers\SuperController.php(72): CodeIgniter\Model->insert([...])
 8 SYSTEMPATH\CodeIgniter.php(951): App\Controllers\SuperController->registrarCondominio()
 9 SYSTEMPATH\CodeIgniter.php(497): CodeIgniter\CodeIgniter->runController(Object(App\Controllers\SuperController))
10 SYSTEMPATH\CodeIgniter.php(340): CodeIgniter\CodeIgniter->handleRequest(null, Object(Config\Cache), false)
11 SYSTEMPATH\Boot.php(417): CodeIgniter\CodeIgniter->run()
12 SYSTEMPATH\Boot.php(68): CodeIgniter\Boot::runCodeIgniter(Object(CodeIgniter\CodeIgniter))
13 FCPATH\index.php(59): CodeIgniter\Boot::bootWeb(Object(Config\Paths))
CRITICAL - 2026-06-23 15:17:56 --> [Caused by] mysqli_sql_exception: Duplicate entry 'J-12345678-2' for key 'rif_jurisdiccion'
in SYSTEMPATH\Database\MySQLi\Connection.php on line 300.
 1 SYSTEMPATH\Database\MySQLi\Connection.php(300): mysqli->query('INSERT INTO `condominios` (`nombre_condominio`, `rif_jurisdiccion`, `total_metros_cuadrados`, `marca_id`) VALUES (\'albaricoque B\', \'J-12345678-2\', 2200, 1)', 0)
 2 SYSTEMPATH\Database\BaseConnection.php(910): CodeIgniter\Database\MySQLi\Connection->execute('INSERT INTO `condominios` (`nombre_condominio`, `rif_jurisdiccion`, `total_metros_cuadrados`, `marca_id`) VALUES (\'albaricoque B\', \'J-12345678-2\', 2200, 1)')
 3 SYSTEMPATH\Database\BaseConnection.php(827): CodeIgniter\Database\BaseConnection->simpleQuery('INSERT INTO `condominios` (`nombre_condominio`, `rif_jurisdiccion`, `total_metros_cuadrados`, `marca_id`) VALUES (\'albaricoque B\', \'J-12345678-2\', 2200, 1)')
 4 SYSTEMPATH\Database\BaseBuilder.php(2345): CodeIgniter\Database\BaseConnection->query('INSERT INTO `condominios` (`nombre_condominio`, `rif_jurisdiccion`, `total_metros_cuadrados`, `marca_id`) VALUES (:nombre_condominio:, :rif_jurisdiccion:, :total_metros_cuadrados:, :marca_id:)', [...], false)
 5 SYSTEMPATH\Model.php(355): CodeIgniter\Database\BaseBuilder->insert()
 6 SYSTEMPATH\BaseModel.php(899): CodeIgniter\Model->doInsert([...])
 7 SYSTEMPATH\Model.php(668): CodeIgniter\BaseModel->insert([...], true)
 8 APPPATH\Controllers\SuperController.php(72): CodeIgniter\Model->insert([...])
 9 SYSTEMPATH\CodeIgniter.php(951): App\Controllers\SuperController->registrarCondominio()
10 SYSTEMPATH\CodeIgniter.php(497): CodeIgniter\CodeIgniter->runController(Object(App\Controllers\SuperController))
11 SYSTEMPATH\CodeIgniter.php(340): CodeIgniter\CodeIgniter->handleRequest(null, Object(Config\Cache), false)
12 SYSTEMPATH\Boot.php(417): CodeIgniter\CodeIgniter->run()
13 SYSTEMPATH\Boot.php(68): CodeIgniter\Boot::runCodeIgniter(Object(CodeIgniter\CodeIgniter))
14 FCPATH\index.php(59): CodeIgniter\Boot::bootWeb(Object(Config\Paths))
CRITICAL - 2026-06-23 15:18:01 --> CodeIgniter\Security\Exceptions\SecurityException: The action you requested is not allowed.
[Method: POST, Route: super/apartamentos/registrar-condominio]
in SYSTEMPATH\Security\Security.php on line 258.
 1 SYSTEMPATH\Security\Security.php(258): CodeIgniter\Security\Exceptions\SecurityException::forDisallowedAction()
 2 SYSTEMPATH\Filters\CSRF.php(52): CodeIgniter\Security\Security->verify(Object(CodeIgniter\HTTP\IncomingRequest))
 3 SYSTEMPATH\Filters\Filters.php(241): CodeIgniter\Filters\CSRF->before(Object(CodeIgniter\HTTP\IncomingRequest), null)
 4 SYSTEMPATH\Filters\Filters.php(221): CodeIgniter\Filters\Filters->runBefore([...])
 5 SYSTEMPATH\CodeIgniter.php(465): CodeIgniter\Filters\Filters->run('super/apartamentos/registrar-condominio', 'before')
 6 SYSTEMPATH\CodeIgniter.php(340): CodeIgniter\CodeIgniter->handleRequest(null, Object(Config\Cache), false)
 7 SYSTEMPATH\Boot.php(417): CodeIgniter\CodeIgniter->run()
 8 SYSTEMPATH\Boot.php(68): CodeIgniter\Boot::runCodeIgniter(Object(CodeIgniter\CodeIgniter))
 9 FCPATH\index.php(59): CodeIgniter\Boot::bootWeb(Object(Config\Paths))
CRITICAL - 2026-06-23 15:18:06 --> CodeIgniter\Security\Exceptions\SecurityException: The action you requested is not allowed.
[Method: POST, Route: super/apartamentos/registrar-condominio]
in SYSTEMPATH\Security\Security.php on line 258.
 1 SYSTEMPATH\Security\Security.php(258): CodeIgniter\Security\Exceptions\SecurityException::forDisallowedAction()
 2 SYSTEMPATH\Filters\CSRF.php(52): CodeIgniter\Security\Security->verify(Object(CodeIgniter\HTTP\IncomingRequest))
 3 SYSTEMPATH\Filters\Filters.php(241): CodeIgniter\Filters\CSRF->before(Object(CodeIgniter\HTTP\IncomingRequest), null)
 4 SYSTEMPATH\Filters\Filters.php(221): CodeIgniter\Filters\Filters->runBefore([...])
 5 SYSTEMPATH\CodeIgniter.php(465): CodeIgniter\Filters\Filters->run('super/apartamentos/registrar-condominio', 'before')
 6 SYSTEMPATH\CodeIgniter.php(340): CodeIgniter\CodeIgniter->handleRequest(null, Object(Config\Cache), false)
 7 SYSTEMPATH\Boot.php(417): CodeIgniter\CodeIgniter->run()
 8 SYSTEMPATH\Boot.php(68): CodeIgniter\Boot::runCodeIgniter(Object(CodeIgniter\CodeIgniter))
 9 FCPATH\index.php(59): CodeIgniter\Boot::bootWeb(Object(Config\Paths))
ERROR - 2026-06-23 15:20:03 --> Error connecting to the database: mysqli_sql_exception: Unknown database 'agora' in C:\xampp\htdocs\Agora\system\Database\MySQLi\Connection.php:201
Stack trace:
#0 C:\xampp\htdocs\Agora\system\Database\MySQLi\Connection.php(201): mysqli->real_connect('localhost', 'root', Object(SensitiveParameterValue), 'agora', 3306, '', 0)
#1 C:\xampp\htdocs\Agora\system\Database\BaseConnection.php(555): CodeIgniter\Database\MySQLi\Connection->connect(false)
#2 C:\xampp\htdocs\Agora\system\Database\BaseConnection.php(795): CodeIgniter\Database\BaseConnection->initialize()
#3 C:\xampp\htdocs\Agora\system\Database\BaseConnection.php(1706): CodeIgniter\Database\BaseConnection->query('SHOW TABLES FRO...')
#4 C:\xampp\htdocs\Agora\system\Database\BaseConnection.php(1726): CodeIgniter\Database\BaseConnection->listTables()
#5 C:\xampp\htdocs\Agora\system\Database\MigrationRunner.php(821): CodeIgniter\Database\BaseConnection->tableExists('migrations')
#6 C:\xampp\htdocs\Agora\system\Database\MigrationRunner.php(173): CodeIgniter\Database\MigrationRunner->ensureTable()
#7 C:\xampp\htdocs\Agora\system\Commands\Database\Migrate.php(89): CodeIgniter\Database\MigrationRunner->latest(NULL)
#8 C:\xampp\htdocs\Agora\system\CLI\SignalTrait.php(245): CodeIgniter\Commands\Database\Migrate::CodeIgniter\Commands\Database\{closure}()
#9 C:\xampp\htdocs\Agora\system\Commands\Database\Migrate.php(88): CodeIgniter\Commands\Database\Migrate->withSignalsBlocked(Object(Closure))
#10 C:\xampp\htdocs\Agora\system\CLI\Commands.php(74): CodeIgniter\Commands\Database\Migrate->run(Array)
#11 C:\xampp\htdocs\Agora\system\CLI\Console.php(47): CodeIgniter\CLI\Commands->run('migrate', Array)
#12 C:\xampp\htdocs\Agora\system\Boot.php(442): CodeIgniter\CLI\Console->run()
#13 C:\xampp\htdocs\Agora\system\Boot.php(166): CodeIgniter\Boot::runCommand(Object(CodeIgniter\CLI\Console))
#14 C:\xampp\htdocs\Agora\spark(87): CodeIgniter\Boot::bootSpark(Object(Config\Paths))
#15 {main}

Next CodeIgniter\Database\Exceptions\DatabaseException: Unknown database 'agora' in C:\xampp\htdocs\Agora\system\Database\MySQLi\Connection.php:231
Stack trace:
#0 C:\xampp\htdocs\Agora\system\Database\BaseConnection.php(555): CodeIgniter\Database\MySQLi\Connection->connect(false)
#1 C:\xampp\htdocs\Agora\system\Database\BaseConnection.php(795): CodeIgniter\Database\BaseConnection->initialize()
#2 C:\xampp\htdocs\Agora\system\Database\BaseConnection.php(1706): CodeIgniter\Database\BaseConnection->query('SHOW TABLES FRO...')
#3 C:\xampp\htdocs\Agora\system\Database\BaseConnection.php(1726): CodeIgniter\Database\BaseConnection->listTables()
#4 C:\xampp\htdocs\Agora\system\Database\MigrationRunner.php(821): CodeIgniter\Database\BaseConnection->tableExists('migrations')
#5 C:\xampp\htdocs\Agora\system\Database\MigrationRunner.php(173): CodeIgniter\Database\MigrationRunner->ensureTable()
#6 C:\xampp\htdocs\Agora\system\Commands\Database\Migrate.php(89): CodeIgniter\Database\MigrationRunner->latest(NULL)
#7 C:\xampp\htdocs\Agora\system\CLI\SignalTrait.php(245): CodeIgniter\Commands\Database\Migrate::CodeIgniter\Commands\Database\{closure}()
#8 C:\xampp\htdocs\Agora\system\Commands\Database\Migrate.php(88): CodeIgniter\Commands\Database\Migrate->withSignalsBlocked(Object(Closure))
#9 C:\xampp\htdocs\Agora\system\CLI\Commands.php(74): CodeIgniter\Commands\Database\Migrate->run(Array)
#10 C:\xampp\htdocs\Agora\system\CLI\Console.php(47): CodeIgniter\CLI\Commands->run('migrate', Array)
#11 C:\xampp\htdocs\Agora\system\Boot.php(442): CodeIgniter\CLI\Console->run()
#12 C:\xampp\htdocs\Agora\system\Boot.php(166): CodeIgniter\Boot::runCommand(Object(CodeIgniter\CLI\Console))
#13 C:\xampp\htdocs\Agora\spark(87): CodeIgniter\Boot::bootSpark(Object(Config\Paths))
#14 {main}
ERROR - 2026-06-23 15:20:06 --> Error connecting to the database: mysqli_sql_exception: Unknown database 'agora' in C:\xampp\htdocs\Agora\system\Database\MySQLi\Connection.php:201
Stack trace:
#0 C:\xampp\htdocs\Agora\system\Database\MySQLi\Connection.php(201): mysqli->real_connect('localhost', 'root', Object(SensitiveParameterValue), 'agora', 3306, '', 0)
#1 C:\xampp\htdocs\Agora\system\Database\BaseConnection.php(555): CodeIgniter\Database\MySQLi\Connection->connect(false)
#2 C:\xampp\htdocs\Agora\system\Database\Database.php(74): CodeIgniter\Database\BaseConnection->initialize()
#3 C:\xampp\htdocs\Agora\system\Database\Config.php(111): CodeIgniter\Database\Database->loadForge(Object(CodeIgniter\Database\MySQLi\Connection))
#4 C:\xampp\htdocs\Agora\system\Database\Seeder.php(103): CodeIgniter\Database\Config::forge('default')
#5 C:\xampp\htdocs\Agora\system\Commands\Database\Seed.php(71): CodeIgniter\Database\Seeder->__construct(Object(Config\Database))
#6 C:\xampp\htdocs\Agora\system\CLI\Commands.php(74): CodeIgniter\Commands\Database\Seed->run(Array)
#7 C:\xampp\htdocs\Agora\system\CLI\Console.php(47): CodeIgniter\CLI\Commands->run('db:seed', Array)
#8 C:\xampp\htdocs\Agora\system\Boot.php(442): CodeIgniter\CLI\Console->run()
#9 C:\xampp\htdocs\Agora\system\Boot.php(166): CodeIgniter\Boot::runCommand(Object(CodeIgniter\CLI\Console))
#10 C:\xampp\htdocs\Agora\spark(87): CodeIgniter\Boot::bootSpark(Object(Config\Paths))
#11 {main}

Next CodeIgniter\Database\Exceptions\DatabaseException: Unknown database 'agora' in C:\xampp\htdocs\Agora\system\Database\MySQLi\Connection.php:231
Stack trace:
#0 C:\xampp\htdocs\Agora\system\Database\BaseConnection.php(555): CodeIgniter\Database\MySQLi\Connection->connect(false)
#1 C:\xampp\htdocs\Agora\system\Database\Database.php(74): CodeIgniter\Database\BaseConnection->initialize()
#2 C:\xampp\htdocs\Agora\system\Database\Config.php(111): CodeIgniter\Database\Database->loadForge(Object(CodeIgniter\Database\MySQLi\Connection))
#3 C:\xampp\htdocs\Agora\system\Database\Seeder.php(103): CodeIgniter\Database\Config::forge('default')
#4 C:\xampp\htdocs\Agora\system\Commands\Database\Seed.php(71): CodeIgniter\Database\Seeder->__construct(Object(Config\Database))
#5 C:\xampp\htdocs\Agora\system\CLI\Commands.php(74): CodeIgniter\Commands\Database\Seed->run(Array)
#6 C:\xampp\htdocs\Agora\system\CLI\Console.php(47): CodeIgniter\CLI\Commands->run('db:seed', Array)
#7 C:\xampp\htdocs\Agora\system\Boot.php(442): CodeIgniter\CLI\Console->run()
#8 C:\xampp\htdocs\Agora\system\Boot.php(166): CodeIgniter\Boot::runCommand(Object(CodeIgniter\CLI\Console))
#9 C:\xampp\htdocs\Agora\spark(87): CodeIgniter\Boot::bootSpark(Object(Config\Paths))
#10 {main}
CRITICAL - 2026-06-23 15:20:06 --> CodeIgniter\Database\Exceptions\DatabaseException: Unable to connect to the database.
Main connection [MySQLi]: Unknown database 'agora'
[Method: CLI, Route: db:seed/MainSeeder]
in SYSTEMPATH\Database\BaseConnection.php on line 606.
 1 SYSTEMPATH\Database\Database.php(74): CodeIgniter\Database\BaseConnection->initialize()
 2 SYSTEMPATH\Database\Config.php(111): CodeIgniter\Database\Database->loadForge(Object(CodeIgniter\Database\MySQLi\Connection))
 3 SYSTEMPATH\Database\Seeder.php(103): CodeIgniter\Database\Config::forge('default')
 4 SYSTEMPATH\Commands\Database\Seed.php(71): CodeIgniter\Database\Seeder->__construct(Object(Config\Database))
 5 SYSTEMPATH\CLI\Commands.php(74): CodeIgniter\Commands\Database\Seed->run([...])
 6 SYSTEMPATH\CLI\Console.php(47): CodeIgniter\CLI\Commands->run('db:seed', [...])
 7 SYSTEMPATH\Boot.php(442): CodeIgniter\CLI\Console->run()
 8 SYSTEMPATH\Boot.php(166): CodeIgniter\Boot::runCommand(Object(CodeIgniter\CLI\Console))
 9 ROOTPATH\spark(87): CodeIgniter\Boot::bootSpark(Object(Config\Paths))
DEBUG - 2026-06-23 15:20:11 --> Session: Class initialized using 'CodeIgniter\Session\Handlers\FileHandler' driver.
ERROR - 2026-06-23 15:20:11 --> Error connecting to the database: mysqli_sql_exception: Unknown database 'agora' in C:\xampp\htdocs\Agora\system\Database\MySQLi\Connection.php:201
Stack trace:
#0 C:\xampp\htdocs\Agora\system\Database\MySQLi\Connection.php(201): mysqli->real_connect('localhost', 'root', Object(SensitiveParameterValue), 'agora', 3306, '', 0)
#1 C:\xampp\htdocs\Agora\system\Database\BaseConnection.php(555): CodeIgniter\Database\MySQLi\Connection->connect(false)
#2 C:\xampp\htdocs\Agora\system\Database\BaseConnection.php(795): CodeIgniter\Database\BaseConnection->initialize()
#3 C:\xampp\htdocs\Agora\system\Database\BaseBuilder.php(1649): CodeIgniter\Database\BaseConnection->query('SELECT `apartam...', Array, false)
#4 C:\xampp\htdocs\Agora\system\Model.php(253): CodeIgniter\Database\BaseBuilder->get()
#5 C:\xampp\htdocs\Agora\system\BaseModel.php(676): CodeIgniter\Model->doFindAll(0, 0)
#6 C:\xampp\htdocs\Agora\app\Controllers\SuperController.php(26): CodeIgniter\BaseModel->findAll()
#7 C:\xampp\htdocs\Agora\system\CodeIgniter.php(951): App\Controllers\SuperController->apartamentos()
#8 C:\xampp\htdocs\Agora\system\CodeIgniter.php(497): CodeIgniter\CodeIgniter->runController(Object(App\Controllers\SuperController))
#9 C:\xampp\htdocs\Agora\system\CodeIgniter.php(340): CodeIgniter\CodeIgniter->handleRequest(NULL, Object(Config\Cache), false)
#10 C:\xampp\htdocs\Agora\system\Boot.php(417): CodeIgniter\CodeIgniter->run()
#11 C:\xampp\htdocs\Agora\system\Boot.php(68): CodeIgniter\Boot::runCodeIgniter(Object(CodeIgniter\CodeIgniter))
#12 C:\xampp\htdocs\Agora\public\index.php(59): CodeIgniter\Boot::bootWeb(Object(Config\Paths))
#13 {main}

Next CodeIgniter\Database\Exceptions\DatabaseException: Unknown database 'agora' in C:\xampp\htdocs\Agora\system\Database\MySQLi\Connection.php:231
Stack trace:
#0 C:\xampp\htdocs\Agora\system\Database\BaseConnection.php(555): CodeIgniter\Database\MySQLi\Connection->connect(false)
#1 C:\xampp\htdocs\Agora\system\Database\BaseConnection.php(795): CodeIgniter\Database\BaseConnection->initialize()
#2 C:\xampp\htdocs\Agora\system\Database\BaseBuilder.php(1649): CodeIgniter\Database\BaseConnection->query('SELECT `apartam...', Array, false)
#3 C:\xampp\htdocs\Agora\system\Model.php(253): CodeIgniter\Database\BaseBuilder->get()
#4 C:\xampp\htdocs\Agora\system\BaseModel.php(676): CodeIgniter\Model->doFindAll(0, 0)
#5 C:\xampp\htdocs\Agora\app\Controllers\SuperController.php(26): CodeIgniter\BaseModel->findAll()
#6 C:\xampp\htdocs\Agora\system\CodeIgniter.php(951): App\Controllers\SuperController->apartamentos()
#7 C:\xampp\htdocs\Agora\system\CodeIgniter.php(497): CodeIgniter\CodeIgniter->runController(Object(App\Controllers\SuperController))
#8 C:\xampp\htdocs\Agora\system\CodeIgniter.php(340): CodeIgniter\CodeIgniter->handleRequest(NULL, Object(Config\Cache), false)
#9 C:\xampp\htdocs\Agora\system\Boot.php(417): CodeIgniter\CodeIgniter->run()
#10 C:\xampp\htdocs\Agora\system\Boot.php(68): CodeIgniter\Boot::runCodeIgniter(Object(CodeIgniter\CodeIgniter))
#11 C:\xampp\htdocs\Agora\public\index.php(59): CodeIgniter\Boot::bootWeb(Object(Config\Paths))
#12 {main}
CRITICAL - 2026-06-23 15:20:11 --> CodeIgniter\Database\Exceptions\DatabaseException: Unable to connect to the database.
Main connection [MySQLi]: Unknown database 'agora'
[Method: GET, Route: super/apartamentos]
in SYSTEMPATH\Database\BaseConnection.php on line 606.
 1 SYSTEMPATH\Database\BaseConnection.php(795): CodeIgniter\Database\BaseConnection->initialize()
 2 SYSTEMPATH\Database\BaseBuilder.php(1649): CodeIgniter\Database\BaseConnection->query('SELECT `apartamentos`.*, `condominios`.`nombre_condominio`, `residentes`.`nombre_completo` AS `nombre_residente`
FROM `apartamentos`
JOIN `condominios` ON `condominios`.`id` = `apartamentos`.`condominio_id`
LEFT JOIN `residentes` ON `residentes`.`id` = `apartamentos`.`residente_id`', [], false)
 3 SYSTEMPATH\Model.php(253): CodeIgniter\Database\BaseBuilder->get()
 4 SYSTEMPATH\BaseModel.php(676): CodeIgniter\Model->doFindAll(0, 0)
 5 APPPATH\Controllers\SuperController.php(26): CodeIgniter\BaseModel->findAll()
 6 SYSTEMPATH\CodeIgniter.php(951): App\Controllers\SuperController->apartamentos()
 7 SYSTEMPATH\CodeIgniter.php(497): CodeIgniter\CodeIgniter->runController(Object(App\Controllers\SuperController))
 8 SYSTEMPATH\CodeIgniter.php(340): CodeIgniter\CodeIgniter->handleRequest(null, Object(Config\Cache), false)
 9 SYSTEMPATH\Boot.php(417): CodeIgniter\CodeIgniter->run()
10 SYSTEMPATH\Boot.php(68): CodeIgniter\Boot::runCodeIgniter(Object(CodeIgniter\CodeIgniter))
11 FCPATH\index.php(59): CodeIgniter\Boot::bootWeb(Object(Config\Paths))
DEBUG - 2026-06-23 15:20:13 --> Session: Class initialized using 'CodeIgniter\Session\Handlers\FileHandler' driver.
ERROR - 2026-06-23 15:20:13 --> Error connecting to the database: mysqli_sql_exception: Unknown database 'agora' in C:\xampp\htdocs\Agora\system\Database\MySQLi\Connection.php:201
Stack trace:
#0 C:\xampp\htdocs\Agora\system\Database\MySQLi\Connection.php(201): mysqli->real_connect('localhost', 'root', Object(SensitiveParameterValue), 'agora', 3306, '', 0)
#1 C:\xampp\htdocs\Agora\system\Database\BaseConnection.php(555): CodeIgniter\Database\MySQLi\Connection->connect(false)
#2 C:\xampp\htdocs\Agora\system\Database\BaseConnection.php(795): CodeIgniter\Database\BaseConnection->initialize()
#3 C:\xampp\htdocs\Agora\system\Database\BaseBuilder.php(1649): CodeIgniter\Database\BaseConnection->query('SELECT `apartam...', Array, false)
#4 C:\xampp\htdocs\Agora\system\Model.php(253): CodeIgniter\Database\BaseBuilder->get()
#5 C:\xampp\htdocs\Agora\system\BaseModel.php(676): CodeIgniter\Model->doFindAll(0, 0)
#6 C:\xampp\htdocs\Agora\app\Controllers\SuperController.php(26): CodeIgniter\BaseModel->findAll()
#7 C:\xampp\htdocs\Agora\system\CodeIgniter.php(951): App\Controllers\SuperController->apartamentos()
#8 C:\xampp\htdocs\Agora\system\CodeIgniter.php(497): CodeIgniter\CodeIgniter->runController(Object(App\Controllers\SuperController))
#9 C:\xampp\htdocs\Agora\system\CodeIgniter.php(340): CodeIgniter\CodeIgniter->handleRequest(NULL, Object(Config\Cache), false)
#10 C:\xampp\htdocs\Agora\system\Boot.php(417): CodeIgniter\CodeIgniter->run()
#11 C:\xampp\htdocs\Agora\system\Boot.php(68): CodeIgniter\Boot::runCodeIgniter(Object(CodeIgniter\CodeIgniter))
#12 C:\xampp\htdocs\Agora\public\index.php(59): CodeIgniter\Boot::bootWeb(Object(Config\Paths))
#13 {main}

Next CodeIgniter\Database\Exceptions\DatabaseException: Unknown database 'agora' in C:\xampp\htdocs\Agora\system\Database\MySQLi\Connection.php:231
Stack trace:
#0 C:\xampp\htdocs\Agora\system\Database\BaseConnection.php(555): CodeIgniter\Database\MySQLi\Connection->connect(false)
#1 C:\xampp\htdocs\Agora\system\Database\BaseConnection.php(795): CodeIgniter\Database\BaseConnection->initialize()
#2 C:\xampp\htdocs\Agora\system\Database\BaseBuilder.php(1649): CodeIgniter\Database\BaseConnection->query('SELECT `apartam...', Array, false)
#3 C:\xampp\htdocs\Agora\system\Model.php(253): CodeIgniter\Database\BaseBuilder->get()
#4 C:\xampp\htdocs\Agora\system\BaseModel.php(676): CodeIgniter\Model->doFindAll(0, 0)
#5 C:\xampp\htdocs\Agora\app\Controllers\SuperController.php(26): CodeIgniter\BaseModel->findAll()
#6 C:\xampp\htdocs\Agora\system\CodeIgniter.php(951): App\Controllers\SuperController->apartamentos()
#7 C:\xampp\htdocs\Agora\system\CodeIgniter.php(497): CodeIgniter\CodeIgniter->runController(Object(App\Controllers\SuperController))
#8 C:\xampp\htdocs\Agora\system\CodeIgniter.php(340): CodeIgniter\CodeIgniter->handleRequest(NULL, Object(Config\Cache), false)
#9 C:\xampp\htdocs\Agora\system\Boot.php(417): CodeIgniter\CodeIgniter->run()
#10 C:\xampp\htdocs\Agora\system\Boot.php(68): CodeIgniter\Boot::runCodeIgniter(Object(CodeIgniter\CodeIgniter))
#11 C:\xampp\htdocs\Agora\public\index.php(59): CodeIgniter\Boot::bootWeb(Object(Config\Paths))
#12 {main}
CRITICAL - 2026-06-23 15:20:13 --> CodeIgniter\Database\Exceptions\DatabaseException: Unable to connect to the database.
Main connection [MySQLi]: Unknown database 'agora'
[Method: GET, Route: super/apartamentos]
in SYSTEMPATH\Database\BaseConnection.php on line 606.
 1 SYSTEMPATH\Database\BaseConnection.php(795): CodeIgniter\Database\BaseConnection->initialize()
 2 SYSTEMPATH\Database\BaseBuilder.php(1649): CodeIgniter\Database\BaseConnection->query('SELECT `apartamentos`.*, `condominios`.`nombre_condominio`, `residentes`.`nombre_completo` AS `nombre_residente`
FROM `apartamentos`
JOIN `condominios` ON `condominios`.`id` = `apartamentos`.`condominio_id`
LEFT JOIN `residentes` ON `residentes`.`id` = `apartamentos`.`residente_id`', [], false)
 3 SYSTEMPATH\Model.php(253): CodeIgniter\Database\BaseBuilder->get()
 4 SYSTEMPATH\BaseModel.php(676): CodeIgniter\Model->doFindAll(0, 0)
 5 APPPATH\Controllers\SuperController.php(26): CodeIgniter\BaseModel->findAll()
 6 SYSTEMPATH\CodeIgniter.php(951): App\Controllers\SuperController->apartamentos()
 7 SYSTEMPATH\CodeIgniter.php(497): CodeIgniter\CodeIgniter->runController(Object(App\Controllers\SuperController))
 8 SYSTEMPATH\CodeIgniter.php(340): CodeIgniter\CodeIgniter->handleRequest(null, Object(Config\Cache), false)
 9 SYSTEMPATH\Boot.php(417): CodeIgniter\CodeIgniter->run()
10 SYSTEMPATH\Boot.php(68): CodeIgniter\Boot::runCodeIgniter(Object(CodeIgniter\CodeIgniter))
11 FCPATH\index.php(59): CodeIgniter\Boot::bootWeb(Object(Config\Paths))
DEBUG - 2026-06-23 15:20:13 --> Session: Class initialized using 'CodeIgniter\Session\Handlers\FileHandler' driver.
ERROR - 2026-06-23 15:20:13 --> Error connecting to the database: mysqli_sql_exception: Unknown database 'agora' in C:\xampp\htdocs\Agora\system\Database\MySQLi\Connection.php:201
Stack trace:
#0 C:\xampp\htdocs\Agora\system\Database\MySQLi\Connection.php(201): mysqli->real_connect('localhost', 'root', Object(SensitiveParameterValue), 'agora', 3306, '', 0)
#1 C:\xampp\htdocs\Agora\system\Database\BaseConnection.php(555): CodeIgniter\Database\MySQLi\Connection->connect(false)
#2 C:\xampp\htdocs\Agora\system\Database\BaseConnection.php(795): CodeIgniter\Database\BaseConnection->initialize()
#3 C:\xampp\htdocs\Agora\system\Database\BaseBuilder.php(1649): CodeIgniter\Database\BaseConnection->query('SELECT `apartam...', Array, false)
#4 C:\xampp\htdocs\Agora\system\Model.php(253): CodeIgniter\Database\BaseBuilder->get()
#5 C:\xampp\htdocs\Agora\system\BaseModel.php(676): CodeIgniter\Model->doFindAll(0, 0)
#6 C:\xampp\htdocs\Agora\app\Controllers\SuperController.php(26): CodeIgniter\BaseModel->findAll()
#7 C:\xampp\htdocs\Agora\system\CodeIgniter.php(951): App\Controllers\SuperController->apartamentos()
#8 C:\xampp\htdocs\Agora\system\CodeIgniter.php(497): CodeIgniter\CodeIgniter->runController(Object(App\Controllers\SuperController))
#9 C:\xampp\htdocs\Agora\system\CodeIgniter.php(340): CodeIgniter\CodeIgniter->handleRequest(NULL, Object(Config\Cache), false)
#10 C:\xampp\htdocs\Agora\system\Boot.php(417): CodeIgniter\CodeIgniter->run()
#11 C:\xampp\htdocs\Agora\system\Boot.php(68): CodeIgniter\Boot::runCodeIgniter(Object(CodeIgniter\CodeIgniter))
#12 C:\xampp\htdocs\Agora\public\index.php(59): CodeIgniter\Boot::bootWeb(Object(Config\Paths))
#13 {main}

Next CodeIgniter\Database\Exceptions\DatabaseException: Unknown database 'agora' in C:\xampp\htdocs\Agora\system\Database\MySQLi\Connection.php:231
Stack trace:
#0 C:\xampp\htdocs\Agora\system\Database\BaseConnection.php(555): CodeIgniter\Database\MySQLi\Connection->connect(false)
#1 C:\xampp\htdocs\Agora\system\Database\BaseConnection.php(795): CodeIgniter\Database\BaseConnection->initialize()
#2 C:\xampp\htdocs\Agora\system\Database\BaseBuilder.php(1649): CodeIgniter\Database\BaseConnection->query('SELECT `apartam...', Array, false)
#3 C:\xampp\htdocs\Agora\system\Model.php(253): CodeIgniter\Database\BaseBuilder->get()
#4 C:\xampp\htdocs\Agora\system\BaseModel.php(676): CodeIgniter\Model->doFindAll(0, 0)
#5 C:\xampp\htdocs\Agora\app\Controllers\SuperController.php(26): CodeIgniter\BaseModel->findAll()
#6 C:\xampp\htdocs\Agora\system\CodeIgniter.php(951): App\Controllers\SuperController->apartamentos()
#7 C:\xampp\htdocs\Agora\system\CodeIgniter.php(497): CodeIgniter\CodeIgniter->runController(Object(App\Controllers\SuperController))
#8 C:\xampp\htdocs\Agora\system\CodeIgniter.php(340): CodeIgniter\CodeIgniter->handleRequest(NULL, Object(Config\Cache), false)
#9 C:\xampp\htdocs\Agora\system\Boot.php(417): CodeIgniter\CodeIgniter->run()
#10 C:\xampp\htdocs\Agora\system\Boot.php(68): CodeIgniter\Boot::runCodeIgniter(Object(CodeIgniter\CodeIgniter))
#11 C:\xampp\htdocs\Agora\public\index.php(59): CodeIgniter\Boot::bootWeb(Object(Config\Paths))
#12 {main}
CRITICAL - 2026-06-23 15:20:13 --> CodeIgniter\Database\Exceptions\DatabaseException: Unable to connect to the database.
Main connection [MySQLi]: Unknown database 'agora'
[Method: GET, Route: super/apartamentos]
in SYSTEMPATH\Database\BaseConnection.php on line 606.
 1 SYSTEMPATH\Database\BaseConnection.php(795): CodeIgniter\Database\BaseConnection->initialize()
 2 SYSTEMPATH\Database\BaseBuilder.php(1649): CodeIgniter\Database\BaseConnection->query('SELECT `apartamentos`.*, `condominios`.`nombre_condominio`, `residentes`.`nombre_completo` AS `nombre_residente`
FROM `apartamentos`
JOIN `condominios` ON `condominios`.`id` = `apartamentos`.`condominio_id`
LEFT JOIN `residentes` ON `residentes`.`id` = `apartamentos`.`residente_id`', [], false)
 3 SYSTEMPATH\Model.php(253): CodeIgniter\Database\BaseBuilder->get()
 4 SYSTEMPATH\BaseModel.php(676): CodeIgniter\Model->doFindAll(0, 0)
 5 APPPATH\Controllers\SuperController.php(26): CodeIgniter\BaseModel->findAll()
 6 SYSTEMPATH\CodeIgniter.php(951): App\Controllers\SuperController->apartamentos()
 7 SYSTEMPATH\CodeIgniter.php(497): CodeIgniter\CodeIgniter->runController(Object(App\Controllers\SuperController))
 8 SYSTEMPATH\CodeIgniter.php(340): CodeIgniter\CodeIgniter->handleRequest(null, Object(Config\Cache), false)
 9 SYSTEMPATH\Boot.php(417): CodeIgniter\CodeIgniter->run()
10 SYSTEMPATH\Boot.php(68): CodeIgniter\Boot::runCodeIgniter(Object(CodeIgniter\CodeIgniter))
11 FCPATH\index.php(59): CodeIgniter\Boot::bootWeb(Object(Config\Paths))
DEBUG - 2026-06-23 15:20:14 --> Session: Class initialized using 'CodeIgniter\Session\Handlers\FileHandler' driver.
ERROR - 2026-06-23 15:20:14 --> Error connecting to the database: mysqli_sql_exception: Unknown database 'agora' in C:\xampp\htdocs\Agora\system\Database\MySQLi\Connection.php:201
Stack trace:
#0 C:\xampp\htdocs\Agora\system\Database\MySQLi\Connection.php(201): mysqli->real_connect('localhost', 'root', Object(SensitiveParameterValue), 'agora', 3306, '', 0)
#1 C:\xampp\htdocs\Agora\system\Database\BaseConnection.php(555): CodeIgniter\Database\MySQLi\Connection->connect(false)
#2 C:\xampp\htdocs\Agora\system\Database\BaseConnection.php(795): CodeIgniter\Database\BaseConnection->initialize()
#3 C:\xampp\htdocs\Agora\system\Database\BaseBuilder.php(1649): CodeIgniter\Database\BaseConnection->query('SELECT `apartam...', Array, false)
#4 C:\xampp\htdocs\Agora\system\Model.php(253): CodeIgniter\Database\BaseBuilder->get()
#5 C:\xampp\htdocs\Agora\system\BaseModel.php(676): CodeIgniter\Model->doFindAll(0, 0)
#6 C:\xampp\htdocs\Agora\app\Controllers\SuperController.php(26): CodeIgniter\BaseModel->findAll()
#7 C:\xampp\htdocs\Agora\system\CodeIgniter.php(951): App\Controllers\SuperController->apartamentos()
#8 C:\xampp\htdocs\Agora\system\CodeIgniter.php(497): CodeIgniter\CodeIgniter->runController(Object(App\Controllers\SuperController))
#9 C:\xampp\htdocs\Agora\system\CodeIgniter.php(340): CodeIgniter\CodeIgniter->handleRequest(NULL, Object(Config\Cache), false)
#10 C:\xampp\htdocs\Agora\system\Boot.php(417): CodeIgniter\CodeIgniter->run()
#11 C:\xampp\htdocs\Agora\system\Boot.php(68): CodeIgniter\Boot::runCodeIgniter(Object(CodeIgniter\CodeIgniter))
#12 C:\xampp\htdocs\Agora\public\index.php(59): CodeIgniter\Boot::bootWeb(Object(Config\Paths))
#13 {main}

Next CodeIgniter\Database\Exceptions\DatabaseException: Unknown database 'agora' in C:\xampp\htdocs\Agora\system\Database\MySQLi\Connection.php:231
Stack trace:
#0 C:\xampp\htdocs\Agora\system\Database\BaseConnection.php(555): CodeIgniter\Database\MySQLi\Connection->connect(false)
#1 C:\xampp\htdocs\Agora\system\Database\BaseConnection.php(795): CodeIgniter\Database\BaseConnection->initialize()
#2 C:\xampp\htdocs\Agora\system\Database\BaseBuilder.php(1649): CodeIgniter\Database\BaseConnection->query('SELECT `apartam...', Array, false)
#3 C:\xampp\htdocs\Agora\system\Model.php(253): CodeIgniter\Database\BaseBuilder->get()
#4 C:\xampp\htdocs\Agora\system\BaseModel.php(676): CodeIgniter\Model->doFindAll(0, 0)
#5 C:\xampp\htdocs\Agora\app\Controllers\SuperController.php(26): CodeIgniter\BaseModel->findAll()
#6 C:\xampp\htdocs\Agora\system\CodeIgniter.php(951): App\Controllers\SuperController->apartamentos()
#7 C:\xampp\htdocs\Agora\system\CodeIgniter.php(497): CodeIgniter\CodeIgniter->runController(Object(App\Controllers\SuperController))
#8 C:\xampp\htdocs\Agora\system\CodeIgniter.php(340): CodeIgniter\CodeIgniter->handleRequest(NULL, Object(Config\Cache), false)
#9 C:\xampp\htdocs\Agora\system\Boot.php(417): CodeIgniter\CodeIgniter->run()
#10 C:\xampp\htdocs\Agora\system\Boot.php(68): CodeIgniter\Boot::runCodeIgniter(Object(CodeIgniter\CodeIgniter))
#11 C:\xampp\htdocs\Agora\public\index.php(59): CodeIgniter\Boot::bootWeb(Object(Config\Paths))
#12 {main}
CRITICAL - 2026-06-23 15:20:14 --> CodeIgniter\Database\Exceptions\DatabaseException: Unable to connect to the database.
Main connection [MySQLi]: Unknown database 'agora'
[Method: GET, Route: super/apartamentos]
in SYSTEMPATH\Database\BaseConnection.php on line 606.
 1 SYSTEMPATH\Database\BaseConnection.php(795): CodeIgniter\Database\BaseConnection->initialize()
 2 SYSTEMPATH\Database\BaseBuilder.php(1649): CodeIgniter\Database\BaseConnection->query('SELECT `apartamentos`.*, `condominios`.`nombre_condominio`, `residentes`.`nombre_completo` AS `nombre_residente`
FROM `apartamentos`
JOIN `condominios` ON `condominios`.`id` = `apartamentos`.`condominio_id`
LEFT JOIN `residentes` ON `residentes`.`id` = `apartamentos`.`residente_id`', [], false)
 3 SYSTEMPATH\Model.php(253): CodeIgniter\Database\BaseBuilder->get()
 4 SYSTEMPATH\BaseModel.php(676): CodeIgniter\Model->doFindAll(0, 0)
 5 APPPATH\Controllers\SuperController.php(26): CodeIgniter\BaseModel->findAll()
 6 SYSTEMPATH\CodeIgniter.php(951): App\Controllers\SuperController->apartamentos()
 7 SYSTEMPATH\CodeIgniter.php(497): CodeIgniter\CodeIgniter->runController(Object(App\Controllers\SuperController))
 8 SYSTEMPATH\CodeIgniter.php(340): CodeIgniter\CodeIgniter->handleRequest(null, Object(Config\Cache), false)
 9 SYSTEMPATH\Boot.php(417): CodeIgniter\CodeIgniter->run()
10 SYSTEMPATH\Boot.php(68): CodeIgniter\Boot::runCodeIgniter(Object(CodeIgniter\CodeIgniter))
11 FCPATH\index.php(59): CodeIgniter\Boot::bootWeb(Object(Config\Paths))
DEBUG - 2026-06-23 15:20:15 --> Session: Class initialized using 'CodeIgniter\Session\Handlers\FileHandler' driver.
ERROR - 2026-06-23 15:20:15 --> Error connecting to the database: mysqli_sql_exception: Unknown database 'agora' in C:\xampp\htdocs\Agora\system\Database\MySQLi\Connection.php:201
Stack trace:
#0 C:\xampp\htdocs\Agora\system\Database\MySQLi\Connection.php(201): mysqli->real_connect('localhost', 'root', Object(SensitiveParameterValue), 'agora', 3306, '', 0)
#1 C:\xampp\htdocs\Agora\system\Database\BaseConnection.php(555): CodeIgniter\Database\MySQLi\Connection->connect(false)
#2 C:\xampp\htdocs\Agora\system\Database\BaseConnection.php(795): CodeIgniter\Database\BaseConnection->initialize()
#3 C:\xampp\htdocs\Agora\system\Database\BaseBuilder.php(1649): CodeIgniter\Database\BaseConnection->query('SELECT `apartam...', Array, false)
#4 C:\xampp\htdocs\Agora\system\Model.php(253): CodeIgniter\Database\BaseBuilder->get()
#5 C:\xampp\htdocs\Agora\system\BaseModel.php(676): CodeIgniter\Model->doFindAll(0, 0)
#6 C:\xampp\htdocs\Agora\app\Controllers\SuperController.php(26): CodeIgniter\BaseModel->findAll()
#7 C:\xampp\htdocs\Agora\system\CodeIgniter.php(951): App\Controllers\SuperController->apartamentos()
#8 C:\xampp\htdocs\Agora\system\CodeIgniter.php(497): CodeIgniter\CodeIgniter->runController(Object(App\Controllers\SuperController))
#9 C:\xampp\htdocs\Agora\system\CodeIgniter.php(340): CodeIgniter\CodeIgniter->handleRequest(NULL, Object(Config\Cache), false)
#10 C:\xampp\htdocs\Agora\system\Boot.php(417): CodeIgniter\CodeIgniter->run()
#11 C:\xampp\htdocs\Agora\system\Boot.php(68): CodeIgniter\Boot::runCodeIgniter(Object(CodeIgniter\CodeIgniter))
#12 C:\xampp\htdocs\Agora\public\index.php(59): CodeIgniter\Boot::bootWeb(Object(Config\Paths))
#13 {main}

Next CodeIgniter\Database\Exceptions\DatabaseException: Unknown database 'agora' in C:\xampp\htdocs\Agora\system\Database\MySQLi\Connection.php:231
Stack trace:
#0 C:\xampp\htdocs\Agora\system\Database\BaseConnection.php(555): CodeIgniter\Database\MySQLi\Connection->connect(false)
#1 C:\xampp\htdocs\Agora\system\Database\BaseConnection.php(795): CodeIgniter\Database\BaseConnection->initialize()
#2 C:\xampp\htdocs\Agora\system\Database\BaseBuilder.php(1649): CodeIgniter\Database\BaseConnection->query('SELECT `apartam...', Array, false)
#3 C:\xampp\htdocs\Agora\system\Model.php(253): CodeIgniter\Database\BaseBuilder->get()
#4 C:\xampp\htdocs\Agora\system\BaseModel.php(676): CodeIgniter\Model->doFindAll(0, 0)
#5 C:\xampp\htdocs\Agora\app\Controllers\SuperController.php(26): CodeIgniter\BaseModel->findAll()
#6 C:\xampp\htdocs\Agora\system\CodeIgniter.php(951): App\Controllers\SuperController->apartamentos()
#7 C:\xampp\htdocs\Agora\system\CodeIgniter.php(497): CodeIgniter\CodeIgniter->runController(Object(App\Controllers\SuperController))
#8 C:\xampp\htdocs\Agora\system\CodeIgniter.php(340): CodeIgniter\CodeIgniter->handleRequest(NULL, Object(Config\Cache), false)
#9 C:\xampp\htdocs\Agora\system\Boot.php(417): CodeIgniter\CodeIgniter->run()
#10 C:\xampp\htdocs\Agora\system\Boot.php(68): CodeIgniter\Boot::runCodeIgniter(Object(CodeIgniter\CodeIgniter))
#11 C:\xampp\htdocs\Agora\public\index.php(59): CodeIgniter\Boot::bootWeb(Object(Config\Paths))
#12 {main}
CRITICAL - 2026-06-23 15:20:15 --> CodeIgniter\Database\Exceptions\DatabaseException: Unable to connect to the database.
Main connection [MySQLi]: Unknown database 'agora'
[Method: GET, Route: super/apartamentos]
in SYSTEMPATH\Database\BaseConnection.php on line 606.
 1 SYSTEMPATH\Database\BaseConnection.php(795): CodeIgniter\Database\BaseConnection->initialize()
 2 SYSTEMPATH\Database\BaseBuilder.php(1649): CodeIgniter\Database\BaseConnection->query('SELECT `apartamentos`.*, `condominios`.`nombre_condominio`, `residentes`.`nombre_completo` AS `nombre_residente`
FROM `apartamentos`
JOIN `condominios` ON `condominios`.`id` = `apartamentos`.`condominio_id`
LEFT JOIN `residentes` ON `residentes`.`id` = `apartamentos`.`residente_id`', [], false)
 3 SYSTEMPATH\Model.php(253): CodeIgniter\Database\BaseBuilder->get()
 4 SYSTEMPATH\BaseModel.php(676): CodeIgniter\Model->doFindAll(0, 0)
 5 APPPATH\Controllers\SuperController.php(26): CodeIgniter\BaseModel->findAll()
 6 SYSTEMPATH\CodeIgniter.php(951): App\Controllers\SuperController->apartamentos()
 7 SYSTEMPATH\CodeIgniter.php(497): CodeIgniter\CodeIgniter->runController(Object(App\Controllers\SuperController))
 8 SYSTEMPATH\CodeIgniter.php(340): CodeIgniter\CodeIgniter->handleRequest(null, Object(Config\Cache), false)
 9 SYSTEMPATH\Boot.php(417): CodeIgniter\CodeIgniter->run()
10 SYSTEMPATH\Boot.php(68): CodeIgniter\Boot::runCodeIgniter(Object(CodeIgniter\CodeIgniter))
11 FCPATH\index.php(59): CodeIgniter\Boot::bootWeb(Object(Config\Paths))
DEBUG - 2026-06-23 15:20:16 --> Session: Class initialized using 'CodeIgniter\Session\Handlers\FileHandler' driver.
ERROR - 2026-06-23 15:20:16 --> Error connecting to the database: mysqli_sql_exception: Unknown database 'agora' in C:\xampp\htdocs\Agora\system\Database\MySQLi\Connection.php:201
Stack trace:
#0 C:\xampp\htdocs\Agora\system\Database\MySQLi\Connection.php(201): mysqli->real_connect('localhost', 'root', Object(SensitiveParameterValue), 'agora', 3306, '', 0)
#1 C:\xampp\htdocs\Agora\system\Database\BaseConnection.php(555): CodeIgniter\Database\MySQLi\Connection->connect(false)
#2 C:\xampp\htdocs\Agora\system\Database\BaseConnection.php(795): CodeIgniter\Database\BaseConnection->initialize()
#3 C:\xampp\htdocs\Agora\system\Database\BaseBuilder.php(1649): CodeIgniter\Database\BaseConnection->query('SELECT `apartam...', Array, false)
#4 C:\xampp\htdocs\Agora\system\Model.php(253): CodeIgniter\Database\BaseBuilder->get()
#5 C:\xampp\htdocs\Agora\system\BaseModel.php(676): CodeIgniter\Model->doFindAll(0, 0)
#6 C:\xampp\htdocs\Agora\app\Controllers\SuperController.php(26): CodeIgniter\BaseModel->findAll()
#7 C:\xampp\htdocs\Agora\system\CodeIgniter.php(951): App\Controllers\SuperController->apartamentos()
#8 C:\xampp\htdocs\Agora\system\CodeIgniter.php(497): CodeIgniter\CodeIgniter->runController(Object(App\Controllers\SuperController))
#9 C:\xampp\htdocs\Agora\system\CodeIgniter.php(340): CodeIgniter\CodeIgniter->handleRequest(NULL, Object(Config\Cache), false)
#10 C:\xampp\htdocs\Agora\system\Boot.php(417): CodeIgniter\CodeIgniter->run()
#11 C:\xampp\htdocs\Agora\system\Boot.php(68): CodeIgniter\Boot::runCodeIgniter(Object(CodeIgniter\CodeIgniter))
#12 C:\xampp\htdocs\Agora\public\index.php(59): CodeIgniter\Boot::bootWeb(Object(Config\Paths))
#13 {main}

Next CodeIgniter\Database\Exceptions\DatabaseException: Unknown database 'agora' in C:\xampp\htdocs\Agora\system\Database\MySQLi\Connection.php:231
Stack trace:
#0 C:\xampp\htdocs\Agora\system\Database\BaseConnection.php(555): CodeIgniter\Database\MySQLi\Connection->connect(false)
#1 C:\xampp\htdocs\Agora\system\Database\BaseConnection.php(795): CodeIgniter\Database\BaseConnection->initialize()
#2 C:\xampp\htdocs\Agora\system\Database\BaseBuilder.php(1649): CodeIgniter\Database\BaseConnection->query('SELECT `apartam...', Array, false)
#3 C:\xampp\htdocs\Agora\system\Model.php(253): CodeIgniter\Database\BaseBuilder->get()
#4 C:\xampp\htdocs\Agora\system\BaseModel.php(676): CodeIgniter\Model->doFindAll(0, 0)
#5 C:\xampp\htdocs\Agora\app\Controllers\SuperController.php(26): CodeIgniter\BaseModel->findAll()
#6 C:\xampp\htdocs\Agora\system\CodeIgniter.php(951): App\Controllers\SuperController->apartamentos()
#7 C:\xampp\htdocs\Agora\system\CodeIgniter.php(497): CodeIgniter\CodeIgniter->runController(Object(App\Controllers\SuperController))
#8 C:\xampp\htdocs\Agora\system\CodeIgniter.php(340): CodeIgniter\CodeIgniter->handleRequest(NULL, Object(Config\Cache), false)
#9 C:\xampp\htdocs\Agora\system\Boot.php(417): CodeIgniter\CodeIgniter->run()
#10 C:\xampp\htdocs\Agora\system\Boot.php(68): CodeIgniter\Boot::runCodeIgniter(Object(CodeIgniter\CodeIgniter))
#11 C:\xampp\htdocs\Agora\public\index.php(59): CodeIgniter\Boot::bootWeb(Object(Config\Paths))
#12 {main}
CRITICAL - 2026-06-23 15:20:16 --> CodeIgniter\Database\Exceptions\DatabaseException: Unable to connect to the database.
Main connection [MySQLi]: Unknown database 'agora'
[Method: GET, Route: super/apartamentos]
in SYSTEMPATH\Database\BaseConnection.php on line 606.
 1 SYSTEMPATH\Database\BaseConnection.php(795): CodeIgniter\Database\BaseConnection->initialize()
 2 SYSTEMPATH\Database\BaseBuilder.php(1649): CodeIgniter\Database\BaseConnection->query('SELECT `apartamentos`.*, `condominios`.`nombre_condominio`, `residentes`.`nombre_completo` AS `nombre_residente`
FROM `apartamentos`
JOIN `condominios` ON `condominios`.`id` = `apartamentos`.`condominio_id`
LEFT JOIN `residentes` ON `residentes`.`id` = `apartamentos`.`residente_id`', [], false)
 3 SYSTEMPATH\Model.php(253): CodeIgniter\Database\BaseBuilder->get()
 4 SYSTEMPATH\BaseModel.php(676): CodeIgniter\Model->doFindAll(0, 0)
 5 APPPATH\Controllers\SuperController.php(26): CodeIgniter\BaseModel->findAll()
 6 SYSTEMPATH\CodeIgniter.php(951): App\Controllers\SuperController->apartamentos()
 7 SYSTEMPATH\CodeIgniter.php(497): CodeIgniter\CodeIgniter->runController(Object(App\Controllers\SuperController))
 8 SYSTEMPATH\CodeIgniter.php(340): CodeIgniter\CodeIgniter->handleRequest(null, Object(Config\Cache), false)
 9 SYSTEMPATH\Boot.php(417): CodeIgniter\CodeIgniter->run()
10 SYSTEMPATH\Boot.php(68): CodeIgniter\Boot::runCodeIgniter(Object(CodeIgniter\CodeIgniter))
11 FCPATH\index.php(59): CodeIgniter\Boot::bootWeb(Object(Config\Paths))
DEBUG - 2026-06-23 15:20:19 --> Session: Class initialized using 'CodeIgniter\Session\Handlers\FileHandler' driver.
ERROR - 2026-06-23 15:20:19 --> Error connecting to the database: mysqli_sql_exception: Unknown database 'agora' in C:\xampp\htdocs\Agora\system\Database\MySQLi\Connection.php:201
Stack trace:
#0 C:\xampp\htdocs\Agora\system\Database\MySQLi\Connection.php(201): mysqli->real_connect('localhost', 'root', Object(SensitiveParameterValue), 'agora', 3306, '', 0)
#1 C:\xampp\htdocs\Agora\system\Database\BaseConnection.php(555): CodeIgniter\Database\MySQLi\Connection->connect(false)
#2 C:\xampp\htdocs\Agora\system\Database\BaseConnection.php(795): CodeIgniter\Database\BaseConnection->initialize()
#3 C:\xampp\htdocs\Agora\system\Database\BaseBuilder.php(1649): CodeIgniter\Database\BaseConnection->query('SELECT `apartam...', Array, false)
#4 C:\xampp\htdocs\Agora\system\Model.php(253): CodeIgniter\Database\BaseBuilder->get()
#5 C:\xampp\htdocs\Agora\system\BaseModel.php(676): CodeIgniter\Model->doFindAll(0, 0)
#6 C:\xampp\htdocs\Agora\app\Controllers\SuperController.php(26): CodeIgniter\BaseModel->findAll()
#7 C:\xampp\htdocs\Agora\system\CodeIgniter.php(951): App\Controllers\SuperController->apartamentos()
#8 C:\xampp\htdocs\Agora\system\CodeIgniter.php(497): CodeIgniter\CodeIgniter->runController(Object(App\Controllers\SuperController))
#9 C:\xampp\htdocs\Agora\system\CodeIgniter.php(340): CodeIgniter\CodeIgniter->handleRequest(NULL, Object(Config\Cache), false)
#10 C:\xampp\htdocs\Agora\system\Boot.php(417): CodeIgniter\CodeIgniter->run()
#11 C:\xampp\htdocs\Agora\system\Boot.php(68): CodeIgniter\Boot::runCodeIgniter(Object(CodeIgniter\CodeIgniter))
#12 C:\xampp\htdocs\Agora\public\index.php(59): CodeIgniter\Boot::bootWeb(Object(Config\Paths))
#13 {main}

Next CodeIgniter\Database\Exceptions\DatabaseException: Unknown database 'agora' in C:\xampp\htdocs\Agora\system\Database\MySQLi\Connection.php:231
Stack trace:
#0 C:\xampp\htdocs\Agora\system\Database\BaseConnection.php(555): CodeIgniter\Database\MySQLi\Connection->connect(false)
#1 C:\xampp\htdocs\Agora\system\Database\BaseConnection.php(795): CodeIgniter\Database\BaseConnection->initialize()
#2 C:\xampp\htdocs\Agora\system\Database\BaseBuilder.php(1649): CodeIgniter\Database\BaseConnection->query('SELECT `apartam...', Array, false)
#3 C:\xampp\htdocs\Agora\system\Model.php(253): CodeIgniter\Database\BaseBuilder->get()
#4 C:\xampp\htdocs\Agora\system\BaseModel.php(676): CodeIgniter\Model->doFindAll(0, 0)
#5 C:\xampp\htdocs\Agora\app\Controllers\SuperController.php(26): CodeIgniter\BaseModel->findAll()
#6 C:\xampp\htdocs\Agora\system\CodeIgniter.php(951): App\Controllers\SuperController->apartamentos()
#7 C:\xampp\htdocs\Agora\system\CodeIgniter.php(497): CodeIgniter\CodeIgniter->runController(Object(App\Controllers\SuperController))
#8 C:\xampp\htdocs\Agora\system\CodeIgniter.php(340): CodeIgniter\CodeIgniter->handleRequest(NULL, Object(Config\Cache), false)
#9 C:\xampp\htdocs\Agora\system\Boot.php(417): CodeIgniter\CodeIgniter->run()
#10 C:\xampp\htdocs\Agora\system\Boot.php(68): CodeIgniter\Boot::runCodeIgniter(Object(CodeIgniter\CodeIgniter))
#11 C:\xampp\htdocs\Agora\public\index.php(59): CodeIgniter\Boot::bootWeb(Object(Config\Paths))
#12 {main}
CRITICAL - 2026-06-23 15:20:19 --> CodeIgniter\Database\Exceptions\DatabaseException: Unable to connect to the database.
Main connection [MySQLi]: Unknown database 'agora'
[Method: GET, Route: super/apartamentos]
in SYSTEMPATH\Database\BaseConnection.php on line 606.
 1 SYSTEMPATH\Database\BaseConnection.php(795): CodeIgniter\Database\BaseConnection->initialize()
 2 SYSTEMPATH\Database\BaseBuilder.php(1649): CodeIgniter\Database\BaseConnection->query('SELECT `apartamentos`.*, `condominios`.`nombre_condominio`, `residentes`.`nombre_completo` AS `nombre_residente`
FROM `apartamentos`
JOIN `condominios` ON `condominios`.`id` = `apartamentos`.`condominio_id`
LEFT JOIN `residentes` ON `residentes`.`id` = `apartamentos`.`residente_id`', [], false)
 3 SYSTEMPATH\Model.php(253): CodeIgniter\Database\BaseBuilder->get()
 4 SYSTEMPATH\BaseModel.php(676): CodeIgniter\Model->doFindAll(0, 0)
 5 APPPATH\Controllers\SuperController.php(26): CodeIgniter\BaseModel->findAll()
 6 SYSTEMPATH\CodeIgniter.php(951): App\Controllers\SuperController->apartamentos()
 7 SYSTEMPATH\CodeIgniter.php(497): CodeIgniter\CodeIgniter->runController(Object(App\Controllers\SuperController))
 8 SYSTEMPATH\CodeIgniter.php(340): CodeIgniter\CodeIgniter->handleRequest(null, Object(Config\Cache), false)
 9 SYSTEMPATH\Boot.php(417): CodeIgniter\CodeIgniter->run()
10 SYSTEMPATH\Boot.php(68): CodeIgniter\Boot::runCodeIgniter(Object(CodeIgniter\CodeIgniter))
11 FCPATH\index.php(59): CodeIgniter\Boot::bootWeb(Object(Config\Paths))
DEBUG - 2026-06-23 15:20:19 --> Session: Class initialized using 'CodeIgniter\Session\Handlers\FileHandler' driver.
ERROR - 2026-06-23 15:20:19 --> Error connecting to the database: mysqli_sql_exception: Unknown database 'agora' in C:\xampp\htdocs\Agora\system\Database\MySQLi\Connection.php:201
Stack trace:
#0 C:\xampp\htdocs\Agora\system\Database\MySQLi\Connection.php(201): mysqli->real_connect('localhost', 'root', Object(SensitiveParameterValue), 'agora', 3306, '', 0)
#1 C:\xampp\htdocs\Agora\system\Database\BaseConnection.php(555): CodeIgniter\Database\MySQLi\Connection->connect(false)
#2 C:\xampp\htdocs\Agora\system\Database\BaseConnection.php(795): CodeIgniter\Database\BaseConnection->initialize()
#3 C:\xampp\htdocs\Agora\system\Database\BaseBuilder.php(1649): CodeIgniter\Database\BaseConnection->query('SELECT `apartam...', Array, false)
#4 C:\xampp\htdocs\Agora\system\Model.php(253): CodeIgniter\Database\BaseBuilder->get()
#5 C:\xampp\htdocs\Agora\system\BaseModel.php(676): CodeIgniter\Model->doFindAll(0, 0)
#6 C:\xampp\htdocs\Agora\app\Controllers\SuperController.php(26): CodeIgniter\BaseModel->findAll()
#7 C:\xampp\htdocs\Agora\system\CodeIgniter.php(951): App\Controllers\SuperController->apartamentos()
#8 C:\xampp\htdocs\Agora\system\CodeIgniter.php(497): CodeIgniter\CodeIgniter->runController(Object(App\Controllers\SuperController))
#9 C:\xampp\htdocs\Agora\system\CodeIgniter.php(340): CodeIgniter\CodeIgniter->handleRequest(NULL, Object(Config\Cache), false)
#10 C:\xampp\htdocs\Agora\system\Boot.php(417): CodeIgniter\CodeIgniter->run()
#11 C:\xampp\htdocs\Agora\system\Boot.php(68): CodeIgniter\Boot::runCodeIgniter(Object(CodeIgniter\CodeIgniter))
#12 C:\xampp\htdocs\Agora\public\index.php(59): CodeIgniter\Boot::bootWeb(Object(Config\Paths))
#13 {main}

Next CodeIgniter\Database\Exceptions\DatabaseException: Unknown database 'agora' in C:\xampp\htdocs\Agora\system\Database\MySQLi\Connection.php:231
Stack trace:
#0 C:\xampp\htdocs\Agora\system\Database\BaseConnection.php(555): CodeIgniter\Database\MySQLi\Connection->connect(false)
#1 C:\xampp\htdocs\Agora\system\Database\BaseConnection.php(795): CodeIgniter\Database\BaseConnection->initialize()
#2 C:\xampp\htdocs\Agora\system\Database\BaseBuilder.php(1649): CodeIgniter\Database\BaseConnection->query('SELECT `apartam...', Array, false)
#3 C:\xampp\htdocs\Agora\system\Model.php(253): CodeIgniter\Database\BaseBuilder->get()
#4 C:\xampp\htdocs\Agora\system\BaseModel.php(676): CodeIgniter\Model->doFindAll(0, 0)
#5 C:\xampp\htdocs\Agora\app\Controllers\SuperController.php(26): CodeIgniter\BaseModel->findAll()
#6 C:\xampp\htdocs\Agora\system\CodeIgniter.php(951): App\Controllers\SuperController->apartamentos()
#7 C:\xampp\htdocs\Agora\system\CodeIgniter.php(497): CodeIgniter\CodeIgniter->runController(Object(App\Controllers\SuperController))
#8 C:\xampp\htdocs\Agora\system\CodeIgniter.php(340): CodeIgniter\CodeIgniter->handleRequest(NULL, Object(Config\Cache), false)
#9 C:\xampp\htdocs\Agora\system\Boot.php(417): CodeIgniter\CodeIgniter->run()
#10 C:\xampp\htdocs\Agora\system\Boot.php(68): CodeIgniter\Boot::runCodeIgniter(Object(CodeIgniter\CodeIgniter))
#11 C:\xampp\htdocs\Agora\public\index.php(59): CodeIgniter\Boot::bootWeb(Object(Config\Paths))
#12 {main}
CRITICAL - 2026-06-23 15:20:19 --> CodeIgniter\Database\Exceptions\DatabaseException: Unable to connect to the database.
Main connection [MySQLi]: Unknown database 'agora'
[Method: GET, Route: super/apartamentos]
in SYSTEMPATH\Database\BaseConnection.php on line 606.
 1 SYSTEMPATH\Database\BaseConnection.php(795): CodeIgniter\Database\BaseConnection->initialize()
 2 SYSTEMPATH\Database\BaseBuilder.php(1649): CodeIgniter\Database\BaseConnection->query('SELECT `apartamentos`.*, `condominios`.`nombre_condominio`, `residentes`.`nombre_completo` AS `nombre_residente`
FROM `apartamentos`
JOIN `condominios` ON `condominios`.`id` = `apartamentos`.`condominio_id`
LEFT JOIN `residentes` ON `residentes`.`id` = `apartamentos`.`residente_id`', [], false)
 3 SYSTEMPATH\Model.php(253): CodeIgniter\Database\BaseBuilder->get()
 4 SYSTEMPATH\BaseModel.php(676): CodeIgniter\Model->doFindAll(0, 0)
 5 APPPATH\Controllers\SuperController.php(26): CodeIgniter\BaseModel->findAll()
 6 SYSTEMPATH\CodeIgniter.php(951): App\Controllers\SuperController->apartamentos()
 7 SYSTEMPATH\CodeIgniter.php(497): CodeIgniter\CodeIgniter->runController(Object(App\Controllers\SuperController))
 8 SYSTEMPATH\CodeIgniter.php(340): CodeIgniter\CodeIgniter->handleRequest(null, Object(Config\Cache), false)
 9 SYSTEMPATH\Boot.php(417): CodeIgniter\CodeIgniter->run()
10 SYSTEMPATH\Boot.php(68): CodeIgniter\Boot::runCodeIgniter(Object(CodeIgniter\CodeIgniter))
11 FCPATH\index.php(59): CodeIgniter\Boot::bootWeb(Object(Config\Paths))
ERROR - 2026-06-23 15:20:37 --> Error connecting to the database: mysqli_sql_exception: Unknown database 'agora' in C:\xampp\htdocs\Agora\system\Database\MySQLi\Connection.php:201
Stack trace:
#0 C:\xampp\htdocs\Agora\system\Database\MySQLi\Connection.php(201): mysqli->real_connect('localhost', 'root', Object(SensitiveParameterValue), 'agora', 3306, '', 0)
#1 C:\xampp\htdocs\Agora\system\Database\BaseConnection.php(555): CodeIgniter\Database\MySQLi\Connection->connect(false)
#2 C:\xampp\htdocs\Agora\system\Database\BaseConnection.php(795): CodeIgniter\Database\BaseConnection->initialize()
#3 C:\xampp\htdocs\Agora\system\Database\BaseConnection.php(1706): CodeIgniter\Database\BaseConnection->query('SHOW TABLES FRO...')
#4 C:\xampp\htdocs\Agora\system\Database\BaseConnection.php(1726): CodeIgniter\Database\BaseConnection->listTables()
#5 C:\xampp\htdocs\Agora\system\Database\MigrationRunner.php(821): CodeIgniter\Database\BaseConnection->tableExists('migrations')
#6 C:\xampp\htdocs\Agora\system\Database\MigrationRunner.php(256): CodeIgniter\Database\MigrationRunner->ensureTable()
#7 C:\xampp\htdocs\Agora\system\Commands\Database\MigrateRollback.php(105): CodeIgniter\Database\MigrationRunner->regress(0)
#8 C:\xampp\htdocs\Agora\system\CLI\SignalTrait.php(245): CodeIgniter\Commands\Database\MigrateRollback::CodeIgniter\Commands\Database\{closure}()
#9 C:\xampp\htdocs\Agora\system\Commands\Database\MigrateRollback.php(104): CodeIgniter\Commands\Database\MigrateRollback->withSignalsBlocked(Object(Closure))
#10 C:\xampp\htdocs\Agora\system\CLI\Commands.php(74): CodeIgniter\Commands\Database\MigrateRollback->run(Array)
#11 C:\xampp\htdocs\Agora\system\CLI\BaseCommand.php(119): CodeIgniter\CLI\Commands->run('migrate:rollbac...', Array)
#12 C:\xampp\htdocs\Agora\system\Commands\Database\MigrateRefresh.php(90): CodeIgniter\CLI\BaseCommand->call('migrate:rollbac...', Array)
#13 C:\xampp\htdocs\Agora\system\CLI\SignalTrait.php(245): CodeIgniter\Commands\Database\MigrateRefresh->CodeIgniter\Commands\Database\{closure}()
#14 C:\xampp\htdocs\Agora\system\Commands\Database\MigrateRefresh.php(89): CodeIgniter\Commands\Database\MigrateRefresh->withSignalsBlocked(Object(Closure))
#15 C:\xampp\htdocs\Agora\system\CLI\Commands.php(74): CodeIgniter\Commands\Database\MigrateRefresh->run(Array)
#16 C:\xampp\htdocs\Agora\system\CLI\Console.php(47): CodeIgniter\CLI\Commands->run('migrate:refresh', Array)
#17 C:\xampp\htdocs\Agora\system\Boot.php(442): CodeIgniter\CLI\Console->run()
#18 C:\xampp\htdocs\Agora\system\Boot.php(166): CodeIgniter\Boot::runCommand(Object(CodeIgniter\CLI\Console))
#19 C:\xampp\htdocs\Agora\spark(87): CodeIgniter\Boot::bootSpark(Object(Config\Paths))
#20 {main}

Next CodeIgniter\Database\Exceptions\DatabaseException: Unknown database 'agora' in C:\xampp\htdocs\Agora\system\Database\MySQLi\Connection.php:231
Stack trace:
#0 C:\xampp\htdocs\Agora\system\Database\BaseConnection.php(555): CodeIgniter\Database\MySQLi\Connection->connect(false)
#1 C:\xampp\htdocs\Agora\system\Database\BaseConnection.php(795): CodeIgniter\Database\BaseConnection->initialize()
#2 C:\xampp\htdocs\Agora\system\Database\BaseConnection.php(1706): CodeIgniter\Database\BaseConnection->query('SHOW TABLES FRO...')
#3 C:\xampp\htdocs\Agora\system\Database\BaseConnection.php(1726): CodeIgniter\Database\BaseConnection->listTables()
#4 C:\xampp\htdocs\Agora\system\Database\MigrationRunner.php(821): CodeIgniter\Database\BaseConnection->tableExists('migrations')
#5 C:\xampp\htdocs\Agora\system\Database\MigrationRunner.php(256): CodeIgniter\Database\MigrationRunner->ensureTable()
#6 C:\xampp\htdocs\Agora\system\Commands\Database\MigrateRollback.php(105): CodeIgniter\Database\MigrationRunner->regress(0)
#7 C:\xampp\htdocs\Agora\system\CLI\SignalTrait.php(245): CodeIgniter\Commands\Database\MigrateRollback::CodeIgniter\Commands\Database\{closure}()
#8 C:\xampp\htdocs\Agora\system\Commands\Database\MigrateRollback.php(104): CodeIgniter\Commands\Database\MigrateRollback->withSignalsBlocked(Object(Closure))
#9 C:\xampp\htdocs\Agora\system\CLI\Commands.php(74): CodeIgniter\Commands\Database\MigrateRollback->run(Array)
#10 C:\xampp\htdocs\Agora\system\CLI\BaseCommand.php(119): CodeIgniter\CLI\Commands->run('migrate:rollbac...', Array)
#11 C:\xampp\htdocs\Agora\system\Commands\Database\MigrateRefresh.php(90): CodeIgniter\CLI\BaseCommand->call('migrate:rollbac...', Array)
#12 C:\xampp\htdocs\Agora\system\CLI\SignalTrait.php(245): CodeIgniter\Commands\Database\MigrateRefresh->CodeIgniter\Commands\Database\{closure}()
#13 C:\xampp\htdocs\Agora\system\Commands\Database\MigrateRefresh.php(89): CodeIgniter\Commands\Database\MigrateRefresh->withSignalsBlocked(Object(Closure))
#14 C:\xampp\htdocs\Agora\system\CLI\Commands.php(74): CodeIgniter\Commands\Database\MigrateRefresh->run(Array)
#15 C:\xampp\htdocs\Agora\system\CLI\Console.php(47): CodeIgniter\CLI\Commands->run('migrate:refresh', Array)
#16 C:\xampp\htdocs\Agora\system\Boot.php(442): CodeIgniter\CLI\Console->run()
#17 C:\xampp\htdocs\Agora\system\Boot.php(166): CodeIgniter\Boot::runCommand(Object(CodeIgniter\CLI\Console))
#18 C:\xampp\htdocs\Agora\spark(87): CodeIgniter\Boot::bootSpark(Object(Config\Paths))
#19 {main}
ERROR - 2026-06-23 15:20:37 --> Error connecting to the database: mysqli_sql_exception: Unknown database 'agora' in C:\xampp\htdocs\Agora\system\Database\MySQLi\Connection.php:201
Stack trace:
#0 C:\xampp\htdocs\Agora\system\Database\MySQLi\Connection.php(201): mysqli->real_connect('localhost', 'root', Object(SensitiveParameterValue), 'agora', 3306, '', 0)
#1 C:\xampp\htdocs\Agora\system\Database\BaseConnection.php(555): CodeIgniter\Database\MySQLi\Connection->connect(false)
#2 C:\xampp\htdocs\Agora\system\Database\BaseConnection.php(795): CodeIgniter\Database\BaseConnection->initialize()
#3 C:\xampp\htdocs\Agora\system\Database\BaseConnection.php(1706): CodeIgniter\Database\BaseConnection->query('SHOW TABLES FRO...')
#4 C:\xampp\htdocs\Agora\system\Database\BaseConnection.php(1726): CodeIgniter\Database\BaseConnection->listTables()
#5 C:\xampp\htdocs\Agora\system\Database\MigrationRunner.php(821): CodeIgniter\Database\BaseConnection->tableExists('migrations')
#6 C:\xampp\htdocs\Agora\system\Database\MigrationRunner.php(173): CodeIgniter\Database\MigrationRunner->ensureTable()
#7 C:\xampp\htdocs\Agora\system\Commands\Database\Migrate.php(89): CodeIgniter\Database\MigrationRunner->latest(NULL)
#8 C:\xampp\htdocs\Agora\system\CLI\SignalTrait.php(245): CodeIgniter\Commands\Database\Migrate::CodeIgniter\Commands\Database\{closure}()
#9 C:\xampp\htdocs\Agora\system\Commands\Database\Migrate.php(88): CodeIgniter\Commands\Database\Migrate->withSignalsBlocked(Object(Closure))
#10 C:\xampp\htdocs\Agora\system\CLI\Commands.php(74): CodeIgniter\Commands\Database\Migrate->run(Array)
#11 C:\xampp\htdocs\Agora\system\CLI\BaseCommand.php(119): CodeIgniter\CLI\Commands->run('migrate', Array)
#12 C:\xampp\htdocs\Agora\system\Commands\Database\MigrateRefresh.php(91): CodeIgniter\CLI\BaseCommand->call('migrate', Array)
#13 C:\xampp\htdocs\Agora\system\CLI\SignalTrait.php(245): CodeIgniter\Commands\Database\MigrateRefresh->CodeIgniter\Commands\Database\{closure}()
#14 C:\xampp\htdocs\Agora\system\Commands\Database\MigrateRefresh.php(89): CodeIgniter\Commands\Database\MigrateRefresh->withSignalsBlocked(Object(Closure))
#15 C:\xampp\htdocs\Agora\system\CLI\Commands.php(74): CodeIgniter\Commands\Database\MigrateRefresh->run(Array)
#16 C:\xampp\htdocs\Agora\system\CLI\Console.php(47): CodeIgniter\CLI\Commands->run('migrate:refresh', Array)
#17 C:\xampp\htdocs\Agora\system\Boot.php(442): CodeIgniter\CLI\Console->run()
#18 C:\xampp\htdocs\Agora\system\Boot.php(166): CodeIgniter\Boot::runCommand(Object(CodeIgniter\CLI\Console))
#19 C:\xampp\htdocs\Agora\spark(87): CodeIgniter\Boot::bootSpark(Object(Config\Paths))
#20 {main}

Next CodeIgniter\Database\Exceptions\DatabaseException: Unknown database 'agora' in C:\xampp\htdocs\Agora\system\Database\MySQLi\Connection.php:231
Stack trace:
#0 C:\xampp\htdocs\Agora\system\Database\BaseConnection.php(555): CodeIgniter\Database\MySQLi\Connection->connect(false)
#1 C:\xampp\htdocs\Agora\system\Database\BaseConnection.php(795): CodeIgniter\Database\BaseConnection->initialize()
#2 C:\xampp\htdocs\Agora\system\Database\BaseConnection.php(1706): CodeIgniter\Database\BaseConnection->query('SHOW TABLES FRO...')
#3 C:\xampp\htdocs\Agora\system\Database\BaseConnection.php(1726): CodeIgniter\Database\BaseConnection->listTables()
#4 C:\xampp\htdocs\Agora\system\Database\MigrationRunner.php(821): CodeIgniter\Database\BaseConnection->tableExists('migrations')
#5 C:\xampp\htdocs\Agora\system\Database\MigrationRunner.php(173): CodeIgniter\Database\MigrationRunner->ensureTable()
#6 C:\xampp\htdocs\Agora\system\Commands\Database\Migrate.php(89): CodeIgniter\Database\MigrationRunner->latest(NULL)
#7 C:\xampp\htdocs\Agora\system\CLI\SignalTrait.php(245): CodeIgniter\Commands\Database\Migrate::CodeIgniter\Commands\Database\{closure}()
#8 C:\xampp\htdocs\Agora\system\Commands\Database\Migrate.php(88): CodeIgniter\Commands\Database\Migrate->withSignalsBlocked(Object(Closure))
#9 C:\xampp\htdocs\Agora\system\CLI\Commands.php(74): CodeIgniter\Commands\Database\Migrate->run(Array)
#10 C:\xampp\htdocs\Agora\system\CLI\BaseCommand.php(119): CodeIgniter\CLI\Commands->run('migrate', Array)
#11 C:\xampp\htdocs\Agora\system\Commands\Database\MigrateRefresh.php(91): CodeIgniter\CLI\BaseCommand->call('migrate', Array)
#12 C:\xampp\htdocs\Agora\system\CLI\SignalTrait.php(245): CodeIgniter\Commands\Database\MigrateRefresh->CodeIgniter\Commands\Database\{closure}()
#13 C:\xampp\htdocs\Agora\system\Commands\Database\MigrateRefresh.php(89): CodeIgniter\Commands\Database\MigrateRefresh->withSignalsBlocked(Object(Closure))
#14 C:\xampp\htdocs\Agora\system\CLI\Commands.php(74): CodeIgniter\Commands\Database\MigrateRefresh->run(Array)
#15 C:\xampp\htdocs\Agora\system\CLI\Console.php(47): CodeIgniter\CLI\Commands->run('migrate:refresh', Array)
#16 C:\xampp\htdocs\Agora\system\Boot.php(442): CodeIgniter\CLI\Console->run()
#17 C:\xampp\htdocs\Agora\system\Boot.php(166): CodeIgniter\Boot::runCommand(Object(CodeIgniter\CLI\Console))
#18 C:\xampp\htdocs\Agora\spark(87): CodeIgniter\Boot::bootSpark(Object(Config\Paths))
#19 {main}
ERROR - 2026-06-23 15:20:38 --> Error connecting to the database: mysqli_sql_exception: Unknown database 'agora' in C:\xampp\htdocs\Agora\system\Database\MySQLi\Connection.php:201
Stack trace:
#0 C:\xampp\htdocs\Agora\system\Database\MySQLi\Connection.php(201): mysqli->real_connect('localhost', 'root', Object(SensitiveParameterValue), 'agora', 3306, '', 0)
#1 C:\xampp\htdocs\Agora\system\Database\BaseConnection.php(555): CodeIgniter\Database\MySQLi\Connection->connect(false)
#2 C:\xampp\htdocs\Agora\system\Database\Database.php(74): CodeIgniter\Database\BaseConnection->initialize()
#3 C:\xampp\htdocs\Agora\system\Database\Config.php(111): CodeIgniter\Database\Database->loadForge(Object(CodeIgniter\Database\MySQLi\Connection))
#4 C:\xampp\htdocs\Agora\system\Database\Seeder.php(103): CodeIgniter\Database\Config::forge('default')
#5 C:\xampp\htdocs\Agora\system\Commands\Database\Seed.php(71): CodeIgniter\Database\Seeder->__construct(Object(Config\Database))
#6 C:\xampp\htdocs\Agora\system\CLI\Commands.php(74): CodeIgniter\Commands\Database\Seed->run(Array)
#7 C:\xampp\htdocs\Agora\system\CLI\Console.php(47): CodeIgniter\CLI\Commands->run('db:seed', Array)
#8 C:\xampp\htdocs\Agora\system\Boot.php(442): CodeIgniter\CLI\Console->run()
#9 C:\xampp\htdocs\Agora\system\Boot.php(166): CodeIgniter\Boot::runCommand(Object(CodeIgniter\CLI\Console))
#10 C:\xampp\htdocs\Agora\spark(87): CodeIgniter\Boot::bootSpark(Object(Config\Paths))
#11 {main}

Next CodeIgniter\Database\Exceptions\DatabaseException: Unknown database 'agora' in C:\xampp\htdocs\Agora\system\Database\MySQLi\Connection.php:231
Stack trace:
#0 C:\xampp\htdocs\Agora\system\Database\BaseConnection.php(555): CodeIgniter\Database\MySQLi\Connection->connect(false)
#1 C:\xampp\htdocs\Agora\system\Database\Database.php(74): CodeIgniter\Database\BaseConnection->initialize()
#2 C:\xampp\htdocs\Agora\system\Database\Config.php(111): CodeIgniter\Database\Database->loadForge(Object(CodeIgniter\Database\MySQLi\Connection))
#3 C:\xampp\htdocs\Agora\system\Database\Seeder.php(103): CodeIgniter\Database\Config::forge('default')
#4 C:\xampp\htdocs\Agora\system\Commands\Database\Seed.php(71): CodeIgniter\Database\Seeder->__construct(Object(Config\Database))
#5 C:\xampp\htdocs\Agora\system\CLI\Commands.php(74): CodeIgniter\Commands\Database\Seed->run(Array)
#6 C:\xampp\htdocs\Agora\system\CLI\Console.php(47): CodeIgniter\CLI\Commands->run('db:seed', Array)
#7 C:\xampp\htdocs\Agora\system\Boot.php(442): CodeIgniter\CLI\Console->run()
#8 C:\xampp\htdocs\Agora\system\Boot.php(166): CodeIgniter\Boot::runCommand(Object(CodeIgniter\CLI\Console))
#9 C:\xampp\htdocs\Agora\spark(87): CodeIgniter\Boot::bootSpark(Object(Config\Paths))
#10 {main}
CRITICAL - 2026-06-23 15:20:38 --> CodeIgniter\Database\Exceptions\DatabaseException: Unable to connect to the database.
Main connection [MySQLi]: Unknown database 'agora'
[Method: CLI, Route: db:seed/MainSeeder]
in SYSTEMPATH\Database\BaseConnection.php on line 606.
 1 SYSTEMPATH\Database\Database.php(74): CodeIgniter\Database\BaseConnection->initialize()
 2 SYSTEMPATH\Database\Config.php(111): CodeIgniter\Database\Database->loadForge(Object(CodeIgniter\Database\MySQLi\Connection))
 3 SYSTEMPATH\Database\Seeder.php(103): CodeIgniter\Database\Config::forge('default')
 4 SYSTEMPATH\Commands\Database\Seed.php(71): CodeIgniter\Database\Seeder->__construct(Object(Config\Database))
 5 SYSTEMPATH\CLI\Commands.php(74): CodeIgniter\Commands\Database\Seed->run([...])
 6 SYSTEMPATH\CLI\Console.php(47): CodeIgniter\CLI\Commands->run('db:seed', [...])
 7 SYSTEMPATH\Boot.php(442): CodeIgniter\CLI\Console->run()
 8 SYSTEMPATH\Boot.php(166): CodeIgniter\Boot::runCommand(Object(CodeIgniter\CLI\Console))
 9 ROOTPATH\spark(87): CodeIgniter\Boot::bootSpark(Object(Config\Paths))
ERROR - 2026-06-23 15:21:55 --> Error connecting to the database: mysqli_sql_exception: Unknown database 'agora' in C:\xampp\htdocs\Agora\system\Database\MySQLi\Connection.php:201
Stack trace:
#0 C:\xampp\htdocs\Agora\system\Database\MySQLi\Connection.php(201): mysqli->real_connect('localhost', 'root', Object(SensitiveParameterValue), 'agora', 3306, '', 0)
#1 C:\xampp\htdocs\Agora\system\Database\BaseConnection.php(555): CodeIgniter\Database\MySQLi\Connection->connect(false)
#2 C:\xampp\htdocs\Agora\system\Database\BaseConnection.php(795): CodeIgniter\Database\BaseConnection->initialize()
#3 C:\xampp\htdocs\Agora\system\Database\BaseConnection.php(1706): CodeIgniter\Database\BaseConnection->query('SHOW TABLES FRO...')
#4 C:\xampp\htdocs\Agora\system\Database\BaseConnection.php(1726): CodeIgniter\Database\BaseConnection->listTables()
#5 C:\xampp\htdocs\Agora\system\Database\MigrationRunner.php(821): CodeIgniter\Database\BaseConnection->tableExists('migrations')
#6 C:\xampp\htdocs\Agora\system\Database\MigrationRunner.php(757): CodeIgniter\Database\MigrationRunner->ensureTable()
#7 C:\xampp\htdocs\Agora\system\Commands\Database\MigrateRollback.php(89): CodeIgniter\Database\MigrationRunner->getLastBatch()
#8 C:\xampp\htdocs\Agora\system\CLI\Commands.php(74): CodeIgniter\Commands\Database\MigrateRollback->run(Array)
#9 C:\xampp\htdocs\Agora\system\CLI\Console.php(47): CodeIgniter\CLI\Commands->run('migrate:rollbac...', Array)
#10 C:\xampp\htdocs\Agora\system\Boot.php(442): CodeIgniter\CLI\Console->run()
#11 C:\xampp\htdocs\Agora\system\Boot.php(166): CodeIgniter\Boot::runCommand(Object(CodeIgniter\CLI\Console))
#12 C:\xampp\htdocs\Agora\spark(87): CodeIgniter\Boot::bootSpark(Object(Config\Paths))
#13 {main}

Next CodeIgniter\Database\Exceptions\DatabaseException: Unknown database 'agora' in C:\xampp\htdocs\Agora\system\Database\MySQLi\Connection.php:231
Stack trace:
#0 C:\xampp\htdocs\Agora\system\Database\BaseConnection.php(555): CodeIgniter\Database\MySQLi\Connection->connect(false)
#1 C:\xampp\htdocs\Agora\system\Database\BaseConnection.php(795): CodeIgniter\Database\BaseConnection->initialize()
#2 C:\xampp\htdocs\Agora\system\Database\BaseConnection.php(1706): CodeIgniter\Database\BaseConnection->query('SHOW TABLES FRO...')
#3 C:\xampp\htdocs\Agora\system\Database\BaseConnection.php(1726): CodeIgniter\Database\BaseConnection->listTables()
#4 C:\xampp\htdocs\Agora\system\Database\MigrationRunner.php(821): CodeIgniter\Database\BaseConnection->tableExists('migrations')
#5 C:\xampp\htdocs\Agora\system\Database\MigrationRunner.php(757): CodeIgniter\Database\MigrationRunner->ensureTable()
#6 C:\xampp\htdocs\Agora\system\Commands\Database\MigrateRollback.php(89): CodeIgniter\Database\MigrationRunner->getLastBatch()
#7 C:\xampp\htdocs\Agora\system\CLI\Commands.php(74): CodeIgniter\Commands\Database\MigrateRollback->run(Array)
#8 C:\xampp\htdocs\Agora\system\CLI\Console.php(47): CodeIgniter\CLI\Commands->run('migrate:rollbac...', Array)
#9 C:\xampp\htdocs\Agora\system\Boot.php(442): CodeIgniter\CLI\Console->run()
#10 C:\xampp\htdocs\Agora\system\Boot.php(166): CodeIgniter\Boot::runCommand(Object(CodeIgniter\CLI\Console))
#11 C:\xampp\htdocs\Agora\spark(87): CodeIgniter\Boot::bootSpark(Object(Config\Paths))
#12 {main}
ERROR - 2026-06-23 15:22:00 --> Error connecting to the database: mysqli_sql_exception: Unknown database 'agora' in C:\xampp\htdocs\Agora\system\Database\MySQLi\Connection.php:201
Stack trace:
#0 C:\xampp\htdocs\Agora\system\Database\MySQLi\Connection.php(201): mysqli->real_connect('localhost', 'root', Object(SensitiveParameterValue), 'agora', 3306, '', 0)
#1 C:\xampp\htdocs\Agora\system\Database\BaseConnection.php(555): CodeIgniter\Database\MySQLi\Connection->connect(false)
#2 C:\xampp\htdocs\Agora\system\Database\BaseConnection.php(795): CodeIgniter\Database\BaseConnection->initialize()
#3 C:\xampp\htdocs\Agora\system\Database\BaseConnection.php(1706): CodeIgniter\Database\BaseConnection->query('SHOW TABLES FRO...')
#4 C:\xampp\htdocs\Agora\system\Database\BaseConnection.php(1726): CodeIgniter\Database\BaseConnection->listTables()
#5 C:\xampp\htdocs\Agora\system\Database\MigrationRunner.php(821): CodeIgniter\Database\BaseConnection->tableExists('migrations')
#6 C:\xampp\htdocs\Agora\system\Database\MigrationRunner.php(173): CodeIgniter\Database\MigrationRunner->ensureTable()
#7 C:\xampp\htdocs\Agora\system\Commands\Database\Migrate.php(89): CodeIgniter\Database\MigrationRunner->latest(NULL)
#8 C:\xampp\htdocs\Agora\system\CLI\SignalTrait.php(245): CodeIgniter\Commands\Database\Migrate::CodeIgniter\Commands\Database\{closure}()
#9 C:\xampp\htdocs\Agora\system\Commands\Database\Migrate.php(88): CodeIgniter\Commands\Database\Migrate->withSignalsBlocked(Object(Closure))
#10 C:\xampp\htdocs\Agora\system\CLI\Commands.php(74): CodeIgniter\Commands\Database\Migrate->run(Array)
#11 C:\xampp\htdocs\Agora\system\CLI\Console.php(47): CodeIgniter\CLI\Commands->run('migrate', Array)
#12 C:\xampp\htdocs\Agora\system\Boot.php(442): CodeIgniter\CLI\Console->run()
#13 C:\xampp\htdocs\Agora\system\Boot.php(166): CodeIgniter\Boot::runCommand(Object(CodeIgniter\CLI\Console))
#14 C:\xampp\htdocs\Agora\spark(87): CodeIgniter\Boot::bootSpark(Object(Config\Paths))
#15 {main}

Next CodeIgniter\Database\Exceptions\DatabaseException: Unknown database 'agora' in C:\xampp\htdocs\Agora\system\Database\MySQLi\Connection.php:231
Stack trace:
#0 C:\xampp\htdocs\Agora\system\Database\BaseConnection.php(555): CodeIgniter\Database\MySQLi\Connection->connect(false)
#1 C:\xampp\htdocs\Agora\system\Database\BaseConnection.php(795): CodeIgniter\Database\BaseConnection->initialize()
#2 C:\xampp\htdocs\Agora\system\Database\BaseConnection.php(1706): CodeIgniter\Database\BaseConnection->query('SHOW TABLES FRO...')
#3 C:\xampp\htdocs\Agora\system\Database\BaseConnection.php(1726): CodeIgniter\Database\BaseConnection->listTables()
#4 C:\xampp\htdocs\Agora\system\Database\MigrationRunner.php(821): CodeIgniter\Database\BaseConnection->tableExists('migrations')
#5 C:\xampp\htdocs\Agora\system\Database\MigrationRunner.php(173): CodeIgniter\Database\MigrationRunner->ensureTable()
#6 C:\xampp\htdocs\Agora\system\Commands\Database\Migrate.php(89): CodeIgniter\Database\MigrationRunner->latest(NULL)
#7 C:\xampp\htdocs\Agora\system\CLI\SignalTrait.php(245): CodeIgniter\Commands\Database\Migrate::CodeIgniter\Commands\Database\{closure}()
#8 C:\xampp\htdocs\Agora\system\Commands\Database\Migrate.php(88): CodeIgniter\Commands\Database\Migrate->withSignalsBlocked(Object(Closure))
#9 C:\xampp\htdocs\Agora\system\CLI\Commands.php(74): CodeIgniter\Commands\Database\Migrate->run(Array)
#10 C:\xampp\htdocs\Agora\system\CLI\Console.php(47): CodeIgniter\CLI\Commands->run('migrate', Array)
#11 C:\xampp\htdocs\Agora\system\Boot.php(442): CodeIgniter\CLI\Console->run()
#12 C:\xampp\htdocs\Agora\system\Boot.php(166): CodeIgniter\Boot::runCommand(Object(CodeIgniter\CLI\Console))
#13 C:\xampp\htdocs\Agora\spark(87): CodeIgniter\Boot::bootSpark(Object(Config\Paths))
#14 {main}
ERROR - 2026-06-23 15:22:04 --> Error connecting to the database: mysqli_sql_exception: Unknown database 'agora' in C:\xampp\htdocs\Agora\system\Database\MySQLi\Connection.php:201
Stack trace:
#0 C:\xampp\htdocs\Agora\system\Database\MySQLi\Connection.php(201): mysqli->real_connect('localhost', 'root', Object(SensitiveParameterValue), 'agora', 3306, '', 0)
#1 C:\xampp\htdocs\Agora\system\Database\BaseConnection.php(555): CodeIgniter\Database\MySQLi\Connection->connect(false)
#2 C:\xampp\htdocs\Agora\system\Database\BaseConnection.php(795): CodeIgniter\Database\BaseConnection->initialize()
#3 C:\xampp\htdocs\Agora\system\Database\BaseConnection.php(1706): CodeIgniter\Database\BaseConnection->query('SHOW TABLES FRO...')
#4 C:\xampp\htdocs\Agora\system\Database\BaseConnection.php(1726): CodeIgniter\Database\BaseConnection->listTables()
#5 C:\xampp\htdocs\Agora\system\Database\MigrationRunner.php(821): CodeIgniter\Database\BaseConnection->tableExists('migrations')
#6 C:\xampp\htdocs\Agora\system\Database\MigrationRunner.php(256): CodeIgniter\Database\MigrationRunner->ensureTable()
#7 C:\xampp\htdocs\Agora\system\Commands\Database\MigrateRollback.php(105): CodeIgniter\Database\MigrationRunner->regress(0)
#8 C:\xampp\htdocs\Agora\system\CLI\SignalTrait.php(245): CodeIgniter\Commands\Database\MigrateRollback::CodeIgniter\Commands\Database\{closure}()
#9 C:\xampp\htdocs\Agora\system\Commands\Database\MigrateRollback.php(104): CodeIgniter\Commands\Database\MigrateRollback->withSignalsBlocked(Object(Closure))
#10 C:\xampp\htdocs\Agora\system\CLI\Commands.php(74): CodeIgniter\Commands\Database\MigrateRollback->run(Array)
#11 C:\xampp\htdocs\Agora\system\CLI\BaseCommand.php(119): CodeIgniter\CLI\Commands->run('migrate:rollbac...', Array)
#12 C:\xampp\htdocs\Agora\system\Commands\Database\MigrateRefresh.php(90): CodeIgniter\CLI\BaseCommand->call('migrate:rollbac...', Array)
#13 C:\xampp\htdocs\Agora\system\CLI\SignalTrait.php(245): CodeIgniter\Commands\Database\MigrateRefresh->CodeIgniter\Commands\Database\{closure}()
#14 C:\xampp\htdocs\Agora\system\Commands\Database\MigrateRefresh.php(89): CodeIgniter\Commands\Database\MigrateRefresh->withSignalsBlocked(Object(Closure))
#15 C:\xampp\htdocs\Agora\system\CLI\Commands.php(74): CodeIgniter\Commands\Database\MigrateRefresh->run(Array)
#16 C:\xampp\htdocs\Agora\system\CLI\Console.php(47): CodeIgniter\CLI\Commands->run('migrate:refresh', Array)
#17 C:\xampp\htdocs\Agora\system\Boot.php(442): CodeIgniter\CLI\Console->run()
#18 C:\xampp\htdocs\Agora\system\Boot.php(166): CodeIgniter\Boot::runCommand(Object(CodeIgniter\CLI\Console))
#19 C:\xampp\htdocs\Agora\spark(87): CodeIgniter\Boot::bootSpark(Object(Config\Paths))
#20 {main}

Next CodeIgniter\Database\Exceptions\DatabaseException: Unknown database 'agora' in C:\xampp\htdocs\Agora\system\Database\MySQLi\Connection.php:231
Stack trace:
#0 C:\xampp\htdocs\Agora\system\Database\BaseConnection.php(555): CodeIgniter\Database\MySQLi\Connection->connect(false)
#1 C:\xampp\htdocs\Agora\system\Database\BaseConnection.php(795): CodeIgniter\Database\BaseConnection->initialize()
#2 C:\xampp\htdocs\Agora\system\Database\BaseConnection.php(1706): CodeIgniter\Database\BaseConnection->query('SHOW TABLES FRO...')
#3 C:\xampp\htdocs\Agora\system\Database\BaseConnection.php(1726): CodeIgniter\Database\BaseConnection->listTables()
#4 C:\xampp\htdocs\Agora\system\Database\MigrationRunner.php(821): CodeIgniter\Database\BaseConnection->tableExists('migrations')
#5 C:\xampp\htdocs\Agora\system\Database\MigrationRunner.php(256): CodeIgniter\Database\MigrationRunner->ensureTable()
#6 C:\xampp\htdocs\Agora\system\Commands\Database\MigrateRollback.php(105): CodeIgniter\Database\MigrationRunner->regress(0)
#7 C:\xampp\htdocs\Agora\system\CLI\SignalTrait.php(245): CodeIgniter\Commands\Database\MigrateRollback::CodeIgniter\Commands\Database\{closure}()
#8 C:\xampp\htdocs\Agora\system\Commands\Database\MigrateRollback.php(104): CodeIgniter\Commands\Database\MigrateRollback->withSignalsBlocked(Object(Closure))
#9 C:\xampp\htdocs\Agora\system\CLI\Commands.php(74): CodeIgniter\Commands\Database\MigrateRollback->run(Array)
#10 C:\xampp\htdocs\Agora\system\CLI\BaseCommand.php(119): CodeIgniter\CLI\Commands->run('migrate:rollbac...', Array)
#11 C:\xampp\htdocs\Agora\system\Commands\Database\MigrateRefresh.php(90): CodeIgniter\CLI\BaseCommand->call('migrate:rollbac...', Array)
#12 C:\xampp\htdocs\Agora\system\CLI\SignalTrait.php(245): CodeIgniter\Commands\Database\MigrateRefresh->CodeIgniter\Commands\Database\{closure}()
#13 C:\xampp\htdocs\Agora\system\Commands\Database\MigrateRefresh.php(89): CodeIgniter\Commands\Database\MigrateRefresh->withSignalsBlocked(Object(Closure))
#14 C:\xampp\htdocs\Agora\system\CLI\Commands.php(74): CodeIgniter\Commands\Database\MigrateRefresh->run(Array)
#15 C:\xampp\htdocs\Agora\system\CLI\Console.php(47): CodeIgniter\CLI\Commands->run('migrate:refresh', Array)
#16 C:\xampp\htdocs\Agora\system\Boot.php(442): CodeIgniter\CLI\Console->run()
#17 C:\xampp\htdocs\Agora\system\Boot.php(166): CodeIgniter\Boot::runCommand(Object(CodeIgniter\CLI\Console))
#18 C:\xampp\htdocs\Agora\spark(87): CodeIgniter\Boot::bootSpark(Object(Config\Paths))
#19 {main}
ERROR - 2026-06-23 15:22:04 --> Error connecting to the database: mysqli_sql_exception: Unknown database 'agora' in C:\xampp\htdocs\Agora\system\Database\MySQLi\Connection.php:201
Stack trace:
#0 C:\xampp\htdocs\Agora\system\Database\MySQLi\Connection.php(201): mysqli->real_connect('localhost', 'root', Object(SensitiveParameterValue), 'agora', 3306, '', 0)
#1 C:\xampp\htdocs\Agora\system\Database\BaseConnection.php(555): CodeIgniter\Database\MySQLi\Connection->connect(false)
#2 C:\xampp\htdocs\Agora\system\Database\BaseConnection.php(795): CodeIgniter\Database\BaseConnection->initialize()
#3 C:\xampp\htdocs\Agora\system\Database\BaseConnection.php(1706): CodeIgniter\Database\BaseConnection->query('SHOW TABLES FRO...')
#4 C:\xampp\htdocs\Agora\system\Database\BaseConnection.php(1726): CodeIgniter\Database\BaseConnection->listTables()
#5 C:\xampp\htdocs\Agora\system\Database\MigrationRunner.php(821): CodeIgniter\Database\BaseConnection->tableExists('migrations')
#6 C:\xampp\htdocs\Agora\system\Database\MigrationRunner.php(173): CodeIgniter\Database\MigrationRunner->ensureTable()
#7 C:\xampp\htdocs\Agora\system\Commands\Database\Migrate.php(89): CodeIgniter\Database\MigrationRunner->latest(NULL)
#8 C:\xampp\htdocs\Agora\system\CLI\SignalTrait.php(245): CodeIgniter\Commands\Database\Migrate::CodeIgniter\Commands\Database\{closure}()
#9 C:\xampp\htdocs\Agora\system\Commands\Database\Migrate.php(88): CodeIgniter\Commands\Database\Migrate->withSignalsBlocked(Object(Closure))
#10 C:\xampp\htdocs\Agora\system\CLI\Commands.php(74): CodeIgniter\Commands\Database\Migrate->run(Array)
#11 C:\xampp\htdocs\Agora\system\CLI\BaseCommand.php(119): CodeIgniter\CLI\Commands->run('migrate', Array)
#12 C:\xampp\htdocs\Agora\system\Commands\Database\MigrateRefresh.php(91): CodeIgniter\CLI\BaseCommand->call('migrate', Array)
#13 C:\xampp\htdocs\Agora\system\CLI\SignalTrait.php(245): CodeIgniter\Commands\Database\MigrateRefresh->CodeIgniter\Commands\Database\{closure}()
#14 C:\xampp\htdocs\Agora\system\Commands\Database\MigrateRefresh.php(89): CodeIgniter\Commands\Database\MigrateRefresh->withSignalsBlocked(Object(Closure))
#15 C:\xampp\htdocs\Agora\system\CLI\Commands.php(74): CodeIgniter\Commands\Database\MigrateRefresh->run(Array)
#16 C:\xampp\htdocs\Agora\system\CLI\Console.php(47): CodeIgniter\CLI\Commands->run('migrate:refresh', Array)
#17 C:\xampp\htdocs\Agora\system\Boot.php(442): CodeIgniter\CLI\Console->run()
#18 C:\xampp\htdocs\Agora\system\Boot.php(166): CodeIgniter\Boot::runCommand(Object(CodeIgniter\CLI\Console))
#19 C:\xampp\htdocs\Agora\spark(87): CodeIgniter\Boot::bootSpark(Object(Config\Paths))
#20 {main}

Next CodeIgniter\Database\Exceptions\DatabaseException: Unknown database 'agora' in C:\xampp\htdocs\Agora\system\Database\MySQLi\Connection.php:231
Stack trace:
#0 C:\xampp\htdocs\Agora\system\Database\BaseConnection.php(555): CodeIgniter\Database\MySQLi\Connection->connect(false)
#1 C:\xampp\htdocs\Agora\system\Database\BaseConnection.php(795): CodeIgniter\Database\BaseConnection->initialize()
#2 C:\xampp\htdocs\Agora\system\Database\BaseConnection.php(1706): CodeIgniter\Database\BaseConnection->query('SHOW TABLES FRO...')
#3 C:\xampp\htdocs\Agora\system\Database\BaseConnection.php(1726): CodeIgniter\Database\BaseConnection->listTables()
#4 C:\xampp\htdocs\Agora\system\Database\MigrationRunner.php(821): CodeIgniter\Database\BaseConnection->tableExists('migrations')
#5 C:\xampp\htdocs\Agora\system\Database\MigrationRunner.php(173): CodeIgniter\Database\MigrationRunner->ensureTable()
#6 C:\xampp\htdocs\Agora\system\Commands\Database\Migrate.php(89): CodeIgniter\Database\MigrationRunner->latest(NULL)
#7 C:\xampp\htdocs\Agora\system\CLI\SignalTrait.php(245): CodeIgniter\Commands\Database\Migrate::CodeIgniter\Commands\Database\{closure}()
#8 C:\xampp\htdocs\Agora\system\Commands\Database\Migrate.php(88): CodeIgniter\Commands\Database\Migrate->withSignalsBlocked(Object(Closure))
#9 C:\xampp\htdocs\Agora\system\CLI\Commands.php(74): CodeIgniter\Commands\Database\Migrate->run(Array)
#10 C:\xampp\htdocs\Agora\system\CLI\BaseCommand.php(119): CodeIgniter\CLI\Commands->run('migrate', Array)
#11 C:\xampp\htdocs\Agora\system\Commands\Database\MigrateRefresh.php(91): CodeIgniter\CLI\BaseCommand->call('migrate', Array)
#12 C:\xampp\htdocs\Agora\system\CLI\SignalTrait.php(245): CodeIgniter\Commands\Database\MigrateRefresh->CodeIgniter\Commands\Database\{closure}()
#13 C:\xampp\htdocs\Agora\system\Commands\Database\MigrateRefresh.php(89): CodeIgniter\Commands\Database\MigrateRefresh->withSignalsBlocked(Object(Closure))
#14 C:\xampp\htdocs\Agora\system\CLI\Commands.php(74): CodeIgniter\Commands\Database\MigrateRefresh->run(Array)
#15 C:\xampp\htdocs\Agora\system\CLI\Console.php(47): CodeIgniter\CLI\Commands->run('migrate:refresh', Array)
#16 C:\xampp\htdocs\Agora\system\Boot.php(442): CodeIgniter\CLI\Console->run()
#17 C:\xampp\htdocs\Agora\system\Boot.php(166): CodeIgniter\Boot::runCommand(Object(CodeIgniter\CLI\Console))
#18 C:\xampp\htdocs\Agora\spark(87): CodeIgniter\Boot::bootSpark(Object(Config\Paths))
#19 {main}
ERROR - 2026-06-23 15:22:04 --> Error connecting to the database: mysqli_sql_exception: Unknown database 'agora' in C:\xampp\htdocs\Agora\system\Database\MySQLi\Connection.php:201
Stack trace:
#0 C:\xampp\htdocs\Agora\system\Database\MySQLi\Connection.php(201): mysqli->real_connect('localhost', 'root', Object(SensitiveParameterValue), 'agora', 3306, '', 0)
#1 C:\xampp\htdocs\Agora\system\Database\BaseConnection.php(555): CodeIgniter\Database\MySQLi\Connection->connect(false)
#2 C:\xampp\htdocs\Agora\system\Database\Database.php(74): CodeIgniter\Database\BaseConnection->initialize()
#3 C:\xampp\htdocs\Agora\system\Database\Config.php(111): CodeIgniter\Database\Database->loadForge(Object(CodeIgniter\Database\MySQLi\Connection))
#4 C:\xampp\htdocs\Agora\system\Database\Seeder.php(103): CodeIgniter\Database\Config::forge('default')
#5 C:\xampp\htdocs\Agora\system\Commands\Database\Seed.php(71): CodeIgniter\Database\Seeder->__construct(Object(Config\Database))
#6 C:\xampp\htdocs\Agora\system\CLI\Commands.php(74): CodeIgniter\Commands\Database\Seed->run(Array)
#7 C:\xampp\htdocs\Agora\system\CLI\Console.php(47): CodeIgniter\CLI\Commands->run('db:seed', Array)
#8 C:\xampp\htdocs\Agora\system\Boot.php(442): CodeIgniter\CLI\Console->run()
#9 C:\xampp\htdocs\Agora\system\Boot.php(166): CodeIgniter\Boot::runCommand(Object(CodeIgniter\CLI\Console))
#10 C:\xampp\htdocs\Agora\spark(87): CodeIgniter\Boot::bootSpark(Object(Config\Paths))
#11 {main}

Next CodeIgniter\Database\Exceptions\DatabaseException: Unknown database 'agora' in C:\xampp\htdocs\Agora\system\Database\MySQLi\Connection.php:231
Stack trace:
#0 C:\xampp\htdocs\Agora\system\Database\BaseConnection.php(555): CodeIgniter\Database\MySQLi\Connection->connect(false)
#1 C:\xampp\htdocs\Agora\system\Database\Database.php(74): CodeIgniter\Database\BaseConnection->initialize()
#2 C:\xampp\htdocs\Agora\system\Database\Config.php(111): CodeIgniter\Database\Database->loadForge(Object(CodeIgniter\Database\MySQLi\Connection))
#3 C:\xampp\htdocs\Agora\system\Database\Seeder.php(103): CodeIgniter\Database\Config::forge('default')
#4 C:\xampp\htdocs\Agora\system\Commands\Database\Seed.php(71): CodeIgniter\Database\Seeder->__construct(Object(Config\Database))
#5 C:\xampp\htdocs\Agora\system\CLI\Commands.php(74): CodeIgniter\Commands\Database\Seed->run(Array)
#6 C:\xampp\htdocs\Agora\system\CLI\Console.php(47): CodeIgniter\CLI\Commands->run('db:seed', Array)
#7 C:\xampp\htdocs\Agora\system\Boot.php(442): CodeIgniter\CLI\Console->run()
#8 C:\xampp\htdocs\Agora\system\Boot.php(166): CodeIgniter\Boot::runCommand(Object(CodeIgniter\CLI\Console))
#9 C:\xampp\htdocs\Agora\spark(87): CodeIgniter\Boot::bootSpark(Object(Config\Paths))
#10 {main}
CRITICAL - 2026-06-23 15:22:04 --> CodeIgniter\Database\Exceptions\DatabaseException: Unable to connect to the database.
Main connection [MySQLi]: Unknown database 'agora'
[Method: CLI, Route: db:seed/MainSeeder]
in SYSTEMPATH\Database\BaseConnection.php on line 606.
 1 SYSTEMPATH\Database\Database.php(74): CodeIgniter\Database\BaseConnection->initialize()
 2 SYSTEMPATH\Database\Config.php(111): CodeIgniter\Database\Database->loadForge(Object(CodeIgniter\Database\MySQLi\Connection))
 3 SYSTEMPATH\Database\Seeder.php(103): CodeIgniter\Database\Config::forge('default')
 4 SYSTEMPATH\Commands\Database\Seed.php(71): CodeIgniter\Database\Seeder->__construct(Object(Config\Database))
 5 SYSTEMPATH\CLI\Commands.php(74): CodeIgniter\Commands\Database\Seed->run([...])
 6 SYSTEMPATH\CLI\Console.php(47): CodeIgniter\CLI\Commands->run('db:seed', [...])
 7 SYSTEMPATH\Boot.php(442): CodeIgniter\CLI\Console->run()
 8 SYSTEMPATH\Boot.php(166): CodeIgniter\Boot::runCommand(Object(CodeIgniter\CLI\Console))
 9 ROOTPATH\spark(87): CodeIgniter\Boot::bootSpark(Object(Config\Paths))
ERROR - 2026-06-23 15:24:48 --> Error connecting to the database: mysqli_sql_exception: Unknown database 'agora' in C:\xampp\htdocs\Agora\system\Database\MySQLi\Connection.php:201
Stack trace:
#0 C:\xampp\htdocs\Agora\system\Database\MySQLi\Connection.php(201): mysqli->real_connect('localhost', 'root', Object(SensitiveParameterValue), 'agora', 3306, '', 0)
#1 C:\xampp\htdocs\Agora\system\Database\BaseConnection.php(555): CodeIgniter\Database\MySQLi\Connection->connect(false)
#2 C:\xampp\htdocs\Agora\system\Database\BaseConnection.php(795): CodeIgniter\Database\BaseConnection->initialize()
#3 C:\xampp\htdocs\Agora\system\Database\BaseConnection.php(1706): CodeIgniter\Database\BaseConnection->query('SHOW TABLES FRO...')
#4 C:\xampp\htdocs\Agora\system\Database\BaseConnection.php(1726): CodeIgniter\Database\BaseConnection->listTables()
#5 C:\xampp\htdocs\Agora\system\Database\MigrationRunner.php(821): CodeIgniter\Database\BaseConnection->tableExists('migrations')
#6 C:\xampp\htdocs\Agora\system\Database\MigrationRunner.php(757): CodeIgniter\Database\MigrationRunner->ensureTable()
#7 C:\xampp\htdocs\Agora\system\Commands\Database\MigrateRollback.php(89): CodeIgniter\Database\MigrationRunner->getLastBatch()
#8 C:\xampp\htdocs\Agora\system\CLI\Commands.php(74): CodeIgniter\Commands\Database\MigrateRollback->run(Array)
#9 C:\xampp\htdocs\Agora\system\CLI\Console.php(47): CodeIgniter\CLI\Commands->run('migrate:rollbac...', Array)
#10 C:\xampp\htdocs\Agora\system\Boot.php(442): CodeIgniter\CLI\Console->run()
#11 C:\xampp\htdocs\Agora\system\Boot.php(166): CodeIgniter\Boot::runCommand(Object(CodeIgniter\CLI\Console))
#12 C:\xampp\htdocs\Agora\spark(87): CodeIgniter\Boot::bootSpark(Object(Config\Paths))
#13 {main}

Next CodeIgniter\Database\Exceptions\DatabaseException: Unknown database 'agora' in C:\xampp\htdocs\Agora\system\Database\MySQLi\Connection.php:231
Stack trace:
#0 C:\xampp\htdocs\Agora\system\Database\BaseConnection.php(555): CodeIgniter\Database\MySQLi\Connection->connect(false)
#1 C:\xampp\htdocs\Agora\system\Database\BaseConnection.php(795): CodeIgniter\Database\BaseConnection->initialize()
#2 C:\xampp\htdocs\Agora\system\Database\BaseConnection.php(1706): CodeIgniter\Database\BaseConnection->query('SHOW TABLES FRO...')
#3 C:\xampp\htdocs\Agora\system\Database\BaseConnection.php(1726): CodeIgniter\Database\BaseConnection->listTables()
#4 C:\xampp\htdocs\Agora\system\Database\MigrationRunner.php(821): CodeIgniter\Database\BaseConnection->tableExists('migrations')
#5 C:\xampp\htdocs\Agora\system\Database\MigrationRunner.php(757): CodeIgniter\Database\MigrationRunner->ensureTable()
#6 C:\xampp\htdocs\Agora\system\Commands\Database\MigrateRollback.php(89): CodeIgniter\Database\MigrationRunner->getLastBatch()
#7 C:\xampp\htdocs\Agora\system\CLI\Commands.php(74): CodeIgniter\Commands\Database\MigrateRollback->run(Array)
#8 C:\xampp\htdocs\Agora\system\CLI\Console.php(47): CodeIgniter\CLI\Commands->run('migrate:rollbac...', Array)
#9 C:\xampp\htdocs\Agora\system\Boot.php(442): CodeIgniter\CLI\Console->run()
#10 C:\xampp\htdocs\Agora\system\Boot.php(166): CodeIgniter\Boot::runCommand(Object(CodeIgniter\CLI\Console))
#11 C:\xampp\htdocs\Agora\spark(87): CodeIgniter\Boot::bootSpark(Object(Config\Paths))
#12 {main}
DEBUG - 2026-06-23 15:26:07 --> Session: Class initialized using 'CodeIgniter\Session\Handlers\FileHandler' driver.
INFO - 2026-06-23 15:27:00 --> CSRF token verified.
DEBUG - 2026-06-23 15:27:00 --> Session: Class initialized using 'CodeIgniter\Session\Handlers\FileHandler' driver.
DEBUG - 2026-06-23 15:27:00 --> Session: Class initialized using 'CodeIgniter\Session\Handlers\FileHandler' driver.
INFO - 2026-06-23 15:27:13 --> CSRF token verified.
DEBUG - 2026-06-23 15:27:13 --> Session: Class initialized using 'CodeIgniter\Session\Handlers\FileHandler' driver.
DEBUG - 2026-06-23 15:27:13 --> Session: Class initialized using 'CodeIgniter\Session\Handlers\FileHandler' driver.
INFO - 2026-06-23 15:27:22 --> CSRF token verified.
DEBUG - 2026-06-23 15:27:22 --> Session: Class initialized using 'CodeIgniter\Session\Handlers\FileHandler' driver.
DEBUG - 2026-06-23 15:27:23 --> Session: Class initialized using 'CodeIgniter\Session\Handlers\FileHandler' driver.
INFO - 2026-06-23 15:27:50 --> CSRF token verified.
DEBUG - 2026-06-23 15:27:50 --> Session: Class initialized using 'CodeIgniter\Session\Handlers\FileHandler' driver.
DEBUG - 2026-06-23 15:27:50 --> Session: Class initialized using 'CodeIgniter\Session\Handlers\FileHandler' driver.
DEBUG - 2026-06-23 15:44:11 --> Session: Class initialized using 'CodeIgniter\Session\Handlers\FileHandler' driver.
DEBUG - 2026-06-23 15:44:11 --> Session: Class initialized using 'CodeIgniter\Session\Handlers\FileHandler' driver.
INFO - 2026-06-23 15:44:41 --> CSRF token verified.
DEBUG - 2026-06-23 15:44:42 --> Session: Class initialized using 'CodeIgniter\Session\Handlers\FileHandler' driver.
DEBUG - 2026-06-23 15:44:42 --> Session: Class initialized using 'CodeIgniter\Session\Handlers\FileHandler' driver.
INFO - 2026-06-23 15:44:45 --> CSRF token verified.
DEBUG - 2026-06-23 15:44:45 --> Session: Class initialized using 'CodeIgniter\Session\Handlers\FileHandler' driver.
CRITICAL - 2026-06-23 15:44:49 --> CodeIgniter\Security\Exceptions\SecurityException: The action you requested is not allowed.
[Method: POST, Route: super/apartamentos/condominios/delete/2]
in SYSTEMPATH\Security\Security.php on line 258.
 1 SYSTEMPATH\Security\Security.php(258): CodeIgniter\Security\Exceptions\SecurityException::forDisallowedAction()
 2 SYSTEMPATH\Filters\CSRF.php(52): CodeIgniter\Security\Security->verify(Object(CodeIgniter\HTTP\IncomingRequest))
 3 SYSTEMPATH\Filters\Filters.php(241): CodeIgniter\Filters\CSRF->before(Object(CodeIgniter\HTTP\IncomingRequest), null)
 4 SYSTEMPATH\Filters\Filters.php(221): CodeIgniter\Filters\Filters->runBefore([...])
 5 SYSTEMPATH\CodeIgniter.php(465): CodeIgniter\Filters\Filters->run('super/apartamentos/condominios/delete/2', 'before')
 6 SYSTEMPATH\CodeIgniter.php(340): CodeIgniter\CodeIgniter->handleRequest(null, Object(Config\Cache), false)
 7 SYSTEMPATH\Boot.php(417): CodeIgniter\CodeIgniter->run()
 8 SYSTEMPATH\Boot.php(68): CodeIgniter\Boot::runCodeIgniter(Object(CodeIgniter\CodeIgniter))
 9 FCPATH\index.php(59): CodeIgniter\Boot::bootWeb(Object(Config\Paths))
CRITICAL - 2026-06-23 15:44:52 --> CodeIgniter\Security\Exceptions\SecurityException: The action you requested is not allowed.
[Method: POST, Route: super/apartamentos/condominios/delete/2]
in SYSTEMPATH\Security\Security.php on line 258.
 1 SYSTEMPATH\Security\Security.php(258): CodeIgniter\Security\Exceptions\SecurityException::forDisallowedAction()
 2 SYSTEMPATH\Filters\CSRF.php(52): CodeIgniter\Security\Security->verify(Object(CodeIgniter\HTTP\IncomingRequest))
 3 SYSTEMPATH\Filters\Filters.php(241): CodeIgniter\Filters\CSRF->before(Object(CodeIgniter\HTTP\IncomingRequest), null)
 4 SYSTEMPATH\Filters\Filters.php(221): CodeIgniter\Filters\Filters->runBefore([...])
 5 SYSTEMPATH\CodeIgniter.php(465): CodeIgniter\Filters\Filters->run('super/apartamentos/condominios/delete/2', 'before')
 6 SYSTEMPATH\CodeIgniter.php(340): CodeIgniter\CodeIgniter->handleRequest(null, Object(Config\Cache), false)
 7 SYSTEMPATH\Boot.php(417): CodeIgniter\CodeIgniter->run()
 8 SYSTEMPATH\Boot.php(68): CodeIgniter\Boot::runCodeIgniter(Object(CodeIgniter\CodeIgniter))
 9 FCPATH\index.php(59): CodeIgniter\Boot::bootWeb(Object(Config\Paths))
CRITICAL - 2026-06-23 15:45:02 --> CodeIgniter\Security\Exceptions\SecurityException: The action you requested is not allowed.
[Method: POST, Route: super/apartamentos/condominios/delete/2]
in SYSTEMPATH\Security\Security.php on line 258.
 1 SYSTEMPATH\Security\Security.php(258): CodeIgniter\Security\Exceptions\SecurityException::forDisallowedAction()
 2 SYSTEMPATH\Filters\CSRF.php(52): CodeIgniter\Security\Security->verify(Object(CodeIgniter\HTTP\IncomingRequest))
 3 SYSTEMPATH\Filters\Filters.php(241): CodeIgniter\Filters\CSRF->before(Object(CodeIgniter\HTTP\IncomingRequest), null)
 4 SYSTEMPATH\Filters\Filters.php(221): CodeIgniter\Filters\Filters->runBefore([...])
 5 SYSTEMPATH\CodeIgniter.php(465): CodeIgniter\Filters\Filters->run('super/apartamentos/condominios/delete/2', 'before')
 6 SYSTEMPATH\CodeIgniter.php(340): CodeIgniter\CodeIgniter->handleRequest(null, Object(Config\Cache), false)
 7 SYSTEMPATH\Boot.php(417): CodeIgniter\CodeIgniter->run()
 8 SYSTEMPATH\Boot.php(68): CodeIgniter\Boot::runCodeIgniter(Object(CodeIgniter\CodeIgniter))
 9 FCPATH\index.php(59): CodeIgniter\Boot::bootWeb(Object(Config\Paths))
DEBUG - 2026-06-23 15:45:05 --> Session: Class initialized using 'CodeIgniter\Session\Handlers\FileHandler' driver.
DEBUG - 2026-06-23 15:45:10 --> Session: Class initialized using 'CodeIgniter\Session\Handlers\FileHandler' driver.
DEBUG - 2026-06-23 15:45:11 --> Session: Class initialized using 'CodeIgniter\Session\Handlers\FileHandler' driver.
INFO - 2026-06-23 15:45:15 --> CSRF token verified.
DEBUG - 2026-06-23 15:45:15 --> Session: Class initialized using 'CodeIgniter\Session\Handlers\FileHandler' driver.
DEBUG - 2026-06-23 15:45:18 --> Session: Class initialized using 'CodeIgniter\Session\Handlers\FileHandler' driver.
INFO - 2026-06-23 15:45:25 --> CSRF token verified.
DEBUG - 2026-06-23 15:45:25 --> Session: Class initialized using 'CodeIgniter\Session\Handlers\FileHandler' driver.
DEBUG - 2026-06-23 15:45:25 --> Session: Class initialized using 'CodeIgniter\Session\Handlers\FileHandler' driver.
INFO - 2026-06-23 15:45:36 --> CSRF token verified.
DEBUG - 2026-06-23 15:45:36 --> Session: Class initialized using 'CodeIgniter\Session\Handlers\FileHandler' driver.
DEBUG - 2026-06-23 15:45:36 --> Session: Class initialized using 'CodeIgniter\Session\Handlers\FileHandler' driver.
INFO - 2026-06-23 15:45:49 --> CSRF token verified.
DEBUG - 2026-06-23 15:45:49 --> Session: Class initialized using 'CodeIgniter\Session\Handlers\FileHandler' driver.
DEBUG - 2026-06-23 15:45:49 --> Session: Class initialized using 'CodeIgniter\Session\Handlers\FileHandler' driver.
INFO - 2026-06-23 15:46:01 --> CSRF token verified.
DEBUG - 2026-06-23 15:46:01 --> Session: Class initialized using 'CodeIgniter\Session\Handlers\FileHandler' driver.
DEBUG - 2026-06-23 15:50:02 --> Session: Class initialized using 'CodeIgniter\Session\Handlers\FileHandler' driver.
DEBUG - 2026-06-23 15:50:05 --> Session: Class initialized using 'CodeIgniter\Session\Handlers\FileHandler' driver.
INFO - 2026-06-23 15:50:19 --> CSRF token verified.
DEBUG - 2026-06-23 15:50:19 --> Session: Class initialized using 'CodeIgniter\Session\Handlers\FileHandler' driver.
DEBUG - 2026-06-23 16:08:29 --> Session: Class initialized using 'CodeIgniter\Session\Handlers\FileHandler' driver.
DEBUG - 2026-06-23 16:08:29 --> Session: Class initialized using 'CodeIgniter\Session\Handlers\FileHandler' driver.
INFO - 2026-06-23 16:08:56 --> CSRF token verified.
DEBUG - 2026-06-23 16:08:56 --> Session: Class initialized using 'CodeIgniter\Session\Handlers\FileHandler' driver.
DEBUG - 2026-06-23 16:08:56 --> Session: Class initialized using 'CodeIgniter\Session\Handlers\FileHandler' driver.
DEBUG - 2026-06-23 16:09:00 --> Session: Class initialized using 'CodeIgniter\Session\Handlers\FileHandler' driver.
DEBUG - 2026-06-23 16:09:00 --> Session: Class initialized using 'CodeIgniter\Session\Handlers\FileHandler' driver.
DEBUG - 2026-06-23 16:09:02 --> Session: Class initialized using 'CodeIgniter\Session\Handlers\FileHandler' driver.
INFO - 2026-06-23 16:09:54 --> CSRF token verified.
DEBUG - 2026-06-23 16:09:54 --> Session: Class initialized using 'CodeIgniter\Session\Handlers\FileHandler' driver.
DEBUG - 2026-06-23 16:09:54 --> Session: Class initialized using 'CodeIgniter\Session\Handlers\FileHandler' driver.
DEBUG - 2026-06-23 16:09:59 --> Session: Class initialized using 'CodeIgniter\Session\Handlers\FileHandler' driver.
DEBUG - 2026-06-23 16:11:09 --> Session: Class initialized using 'CodeIgniter\Session\Handlers\FileHandler' driver.
DEBUG - 2026-06-23 16:11:09 --> Session: Class initialized using 'CodeIgniter\Session\Handlers\FileHandler' driver.
DEBUG - 2026-06-23 16:11:17 --> Session: Class initialized using 'CodeIgniter\Session\Handlers\FileHandler' driver.
DEBUG - 2026-06-23 16:11:58 --> Session: Class initialized using 'CodeIgniter\Session\Handlers\FileHandler' driver.
DEBUG - 2026-06-23 16:11:58 --> Session: Class initialized using 'CodeIgniter\Session\Handlers\FileHandler' driver.
DEBUG - 2026-06-23 16:12:20 --> Session: Class initialized using 'CodeIgniter\Session\Handlers\FileHandler' driver.
DEBUG - 2026-06-23 16:12:26 --> Session: Class initialized using 'CodeIgniter\Session\Handlers\FileHandler' driver.
DEBUG - 2026-06-23 16:12:26 --> Session: Class initialized using 'CodeIgniter\Session\Handlers\FileHandler' driver.
DEBUG - 2026-06-23 16:12:29 --> Session: Class initialized using 'CodeIgniter\Session\Handlers\FileHandler' driver.
DEBUG - 2026-06-23 16:12:47 --> Session: Class initialized using 'CodeIgniter\Session\Handlers\FileHandler' driver.
DEBUG - 2026-06-23 16:12:48 --> Session: Class initialized using 'CodeIgniter\Session\Handlers\FileHandler' driver.
INFO - 2026-06-23 16:12:53 --> CSRF token verified.
DEBUG - 2026-06-23 16:12:53 --> Session: Class initialized using 'CodeIgniter\Session\Handlers\FileHandler' driver.
DEBUG - 2026-06-23 16:12:53 --> Session: Class initialized using 'CodeIgniter\Session\Handlers\FileHandler' driver.
DEBUG - 2026-06-23 16:12:55 --> Session: Class initialized using 'CodeIgniter\Session\Handlers\FileHandler' driver.
DEBUG - 2026-06-23 16:14:43 --> Session: Class initialized using 'CodeIgniter\Session\Handlers\FileHandler' driver.
DEBUG - 2026-06-23 16:14:43 --> Session: Class initialized using 'CodeIgniter\Session\Handlers\FileHandler' driver.
INFO - 2026-06-23 16:15:50 --> CSRF token verified.
DEBUG - 2026-06-23 16:15:50 --> Session: Class initialized using 'CodeIgniter\Session\Handlers\FileHandler' driver.
DEBUG - 2026-06-23 16:15:50 --> Session: Class initialized using 'CodeIgniter\Session\Handlers\FileHandler' driver.
DEBUG - 2026-06-23 16:16:12 --> Session: Class initialized using 'CodeIgniter\Session\Handlers\FileHandler' driver.
DEBUG - 2026-06-23 16:16:12 --> Session: Class initialized using 'CodeIgniter\Session\Handlers\FileHandler' driver.
INFO - 2026-06-23 16:17:08 --> CSRF token verified.
DEBUG - 2026-06-23 16:17:08 --> Session: Class initialized using 'CodeIgniter\Session\Handlers\FileHandler' driver.
DEBUG - 2026-06-23 16:17:08 --> Session: Class initialized using 'CodeIgniter\Session\Handlers\FileHandler' driver.
INFO - 2026-06-23 16:17:14 --> CSRF token verified.
DEBUG - 2026-06-23 16:17:14 --> Session: Class initialized using 'CodeIgniter\Session\Handlers\FileHandler' driver.
DEBUG - 2026-06-23 16:17:14 --> Session: Class initialized using 'CodeIgniter\Session\Handlers\FileHandler' driver.
DEBUG - 2026-06-23 16:17:18 --> Session: Class initialized using 'CodeIgniter\Session\Handlers\FileHandler' driver.
DEBUG - 2026-06-23 16:17:18 --> Session: Class initialized using 'CodeIgniter\Session\Handlers\FileHandler' driver.
DEBUG - 2026-06-23 16:17:19 --> Session: Class initialized using 'CodeIgniter\Session\Handlers\FileHandler' driver.
INFO - 2026-06-23 16:17:41 --> CSRF token verified.
DEBUG - 2026-06-23 16:17:41 --> Session: Class initialized using 'CodeIgniter\Session\Handlers\FileHandler' driver.
DEBUG - 2026-06-23 16:17:41 --> Session: Class initialized using 'CodeIgniter\Session\Handlers\FileHandler' driver.
DEBUG - 2026-06-23 16:17:46 --> Session: Class initialized using 'CodeIgniter\Session\Handlers\FileHandler' driver.
DEBUG - 2026-06-23 16:17:49 --> Session: Class initialized using 'CodeIgniter\Session\Handlers\FileHandler' driver.
DEBUG - 2026-06-23 16:17:50 --> Session: Class initialized using 'CodeIgniter\Session\Handlers\FileHandler' driver.
DEBUG - 2026-06-23 16:17:54 --> Session: Class initialized using 'CodeIgniter\Session\Handlers\FileHandler' driver.
DEBUG - 2026-06-23 16:17:55 --> Session: Class initialized using 'CodeIgniter\Session\Handlers\FileHandler' driver.
DEBUG - 2026-06-23 16:17:56 --> Session: Class initialized using 'CodeIgniter\Session\Handlers\FileHandler' driver.
DEBUG - 2026-06-23 16:17:58 --> Session: Class initialized using 'CodeIgniter\Session\Handlers\FileHandler' driver.
DEBUG - 2026-06-23 16:17:59 --> Session: Class initialized using 'CodeIgniter\Session\Handlers\FileHandler' driver.
DEBUG - 2026-06-23 16:18:00 --> Session: Class initialized using 'CodeIgniter\Session\Handlers\FileHandler' driver.
DEBUG - 2026-06-23 16:18:00 --> Session: Class initialized using 'CodeIgniter\Session\Handlers\FileHandler' driver.
DEBUG - 2026-06-23 16:18:01 --> Session: Class initialized using 'CodeIgniter\Session\Handlers\FileHandler' driver.
DEBUG - 2026-06-23 16:18:01 --> Session: Class initialized using 'CodeIgniter\Session\Handlers\FileHandler' driver.
DEBUG - 2026-06-23 16:18:01 --> Session: Class initialized using 'CodeIgniter\Session\Handlers\FileHandler' driver.
DEBUG - 2026-06-23 16:18:01 --> Session: Class initialized using 'CodeIgniter\Session\Handlers\FileHandler' driver.
DEBUG - 2026-06-23 16:18:02 --> Session: Class initialized using 'CodeIgniter\Session\Handlers\FileHandler' driver.
DEBUG - 2026-06-23 16:18:02 --> Session: Class initialized using 'CodeIgniter\Session\Handlers\FileHandler' driver.
DEBUG - 2026-06-23 16:18:02 --> Session: Class initialized using 'CodeIgniter\Session\Handlers\FileHandler' driver.
DEBUG - 2026-06-23 16:18:02 --> Session: Class initialized using 'CodeIgniter\Session\Handlers\FileHandler' driver.
DEBUG - 2026-06-23 16:20:06 --> Session: Class initialized using 'CodeIgniter\Session\Handlers\FileHandler' driver.
DEBUG - 2026-06-23 16:20:07 --> Session: Class initialized using 'CodeIgniter\Session\Handlers\FileHandler' driver.
DEBUG - 2026-06-23 16:20:08 --> Session: Class initialized using 'CodeIgniter\Session\Handlers\FileHandler' driver.
INFO - 2026-06-23 16:20:23 --> CSRF token verified.
DEBUG - 2026-06-23 16:20:23 --> Session: Class initialized using 'CodeIgniter\Session\Handlers\FileHandler' driver.
DEBUG - 2026-06-23 16:20:24 --> Session: Class initialized using 'CodeIgniter\Session\Handlers\FileHandler' driver.
DEBUG - 2026-06-23 16:20:26 --> Session: Class initialized using 'CodeIgniter\Session\Handlers\FileHandler' driver.
DEBUG - 2026-06-23 16:20:29 --> Session: Class initialized using 'CodeIgniter\Session\Handlers\FileHandler' driver.
DEBUG - 2026-06-23 16:21:32 --> Session: Class initialized using 'CodeIgniter\Session\Handlers\FileHandler' driver.
DEBUG - 2026-06-23 16:21:33 --> Session: Class initialized using 'CodeIgniter\Session\Handlers\FileHandler' driver.
DEBUG - 2026-06-23 16:21:36 --> Session: Class initialized using 'CodeIgniter\Session\Handlers\FileHandler' driver.
DEBUG - 2026-06-23 16:21:36 --> Session: Class initialized using 'CodeIgniter\Session\Handlers\FileHandler' driver.
DEBUG - 2026-06-23 16:21:37 --> Session: Class initialized using 'CodeIgniter\Session\Handlers\FileHandler' driver.
DEBUG - 2026-06-23 16:21:37 --> Session: Class initialized using 'CodeIgniter\Session\Handlers\FileHandler' driver.
DEBUG - 2026-06-23 16:21:38 --> Session: Class initialized using 'CodeIgniter\Session\Handlers\FileHandler' driver.
DEBUG - 2026-06-23 16:21:38 --> Session: Class initialized using 'CodeIgniter\Session\Handlers\FileHandler' driver.
DEBUG - 2026-06-23 16:21:39 --> Session: Class initialized using 'CodeIgniter\Session\Handlers\FileHandler' driver.
DEBUG - 2026-06-23 16:21:39 --> Session: Class initialized using 'CodeIgniter\Session\Handlers\FileHandler' driver.
DEBUG - 2026-06-23 16:21:41 --> Session: Class initialized using 'CodeIgniter\Session\Handlers\FileHandler' driver.
DEBUG - 2026-06-23 16:21:43 --> Session: Class initialized using 'CodeIgniter\Session\Handlers\FileHandler' driver.
DEBUG - 2026-06-23 16:22:31 --> Session: Class initialized using 'CodeIgniter\Session\Handlers\FileHandler' driver.
DEBUG - 2026-06-23 16:22:31 --> Session: Class initialized using 'CodeIgniter\Session\Handlers\FileHandler' driver.
DEBUG - 2026-06-23 16:22:33 --> Session: Class initialized using 'CodeIgniter\Session\Handlers\FileHandler' driver.
INFO - 2026-06-23 16:22:46 --> CSRF token verified.
DEBUG - 2026-06-23 16:22:46 --> Session: Class initialized using 'CodeIgniter\Session\Handlers\FileHandler' driver.
DEBUG - 2026-06-23 16:22:46 --> Session: Class initialized using 'CodeIgniter\Session\Handlers\FileHandler' driver.
DEBUG - 2026-06-23 16:22:49 --> Session: Class initialized using 'CodeIgniter\Session\Handlers\FileHandler' driver.
DEBUG - 2026-06-23 16:23:04 --> Session: Class initialized using 'CodeIgniter\Session\Handlers\FileHandler' driver.
DEBUG - 2026-06-23 16:23:04 --> Session: Class initialized using 'CodeIgniter\Session\Handlers\FileHandler' driver.
INFO - 2026-06-23 16:23:23 --> CSRF token verified.
DEBUG - 2026-06-23 16:23:23 --> Session: Class initialized using 'CodeIgniter\Session\Handlers\FileHandler' driver.
DEBUG - 2026-06-23 16:23:23 --> Session: Class initialized using 'CodeIgniter\Session\Handlers\FileHandler' driver.
DEBUG - 2026-06-23 16:23:42 --> Session: Class initialized using 'CodeIgniter\Session\Handlers\FileHandler' driver.
INFO - 2026-06-23 16:24:24 --> CSRF token verified.
DEBUG - 2026-06-23 16:24:24 --> Session: Class initialized using 'CodeIgniter\Session\Handlers\FileHandler' driver.
DEBUG - 2026-06-23 16:24:24 --> Session: Class initialized using 'CodeIgniter\Session\Handlers\FileHandler' driver.
DEBUG - 2026-06-23 16:24:30 --> Session: Class initialized using 'CodeIgniter\Session\Handlers\FileHandler' driver.
DEBUG - 2026-06-23 16:24:34 --> Session: Class initialized using 'CodeIgniter\Session\Handlers\FileHandler' driver.
DEBUG - 2026-06-23 16:24:47 --> Session: Class initialized using 'CodeIgniter\Session\Handlers\FileHandler' driver.
DEBUG - 2026-06-23 16:24:47 --> Session: Class initialized using 'CodeIgniter\Session\Handlers\FileHandler' driver.
INFO - 2026-06-23 16:25:06 --> CSRF token verified.
DEBUG - 2026-06-23 16:25:06 --> Session: Class initialized using 'CodeIgniter\Session\Handlers\FileHandler' driver.
DEBUG - 2026-06-23 16:25:07 --> Session: Class initialized using 'CodeIgniter\Session\Handlers\FileHandler' driver.
DEBUG - 2026-06-23 16:25:16 --> Session: Class initialized using 'CodeIgniter\Session\Handlers\FileHandler' driver.
DEBUG - 2026-06-23 16:25:38 --> Session: Class initialized using 'CodeIgniter\Session\Handlers\FileHandler' driver.
INFO - 2026-06-23 16:25:47 --> CSRF token verified.
DEBUG - 2026-06-23 16:25:47 --> Session: Class initialized using 'CodeIgniter\Session\Handlers\FileHandler' driver.
DEBUG - 2026-06-23 16:25:47 --> Session: Class initialized using 'CodeIgniter\Session\Handlers\FileHandler' driver.
DEBUG - 2026-06-23 16:25:54 --> Session: Class initialized using 'CodeIgniter\Session\Handlers\FileHandler' driver.
INFO - 2026-06-23 16:26:08 --> CSRF token verified.
DEBUG - 2026-06-23 16:26:08 --> Session: Class initialized using 'CodeIgniter\Session\Handlers\FileHandler' driver.
DEBUG - 2026-06-23 16:26:08 --> Session: Class initialized using 'CodeIgniter\Session\Handlers\FileHandler' driver.
DEBUG - 2026-06-23 16:26:14 --> Session: Class initialized using 'CodeIgniter\Session\Handlers\FileHandler' driver.
DEBUG - 2026-06-23 16:26:14 --> Session: Class initialized using 'CodeIgniter\Session\Handlers\FileHandler' driver.
INFO - 2026-06-23 16:26:31 --> CSRF token verified.
DEBUG - 2026-06-23 16:26:31 --> Session: Class initialized using 'CodeIgniter\Session\Handlers\FileHandler' driver.
DEBUG - 2026-06-23 16:26:31 --> Session: Class initialized using 'CodeIgniter\Session\Handlers\FileHandler' driver.
DEBUG - 2026-06-23 16:26:49 --> Session: Class initialized using 'CodeIgniter\Session\Handlers\FileHandler' driver.
INFO - 2026-06-23 16:27:38 --> CSRF token verified.
DEBUG - 2026-06-23 16:27:38 --> Session: Class initialized using 'CodeIgniter\Session\Handlers\FileHandler' driver.
DEBUG - 2026-06-23 16:27:38 --> Session: Class initialized using 'CodeIgniter\Session\Handlers\FileHandler' driver.
DEBUG - 2026-06-23 16:27:42 --> Session: Class initialized using 'CodeIgniter\Session\Handlers\FileHandler' driver.
DEBUG - 2026-06-23 16:27:42 --> Session: Class initialized using 'CodeIgniter\Session\Handlers\FileHandler' driver.
INFO - 2026-06-23 16:27:57 --> CSRF token verified.
DEBUG - 2026-06-23 16:27:57 --> Session: Class initialized using 'CodeIgniter\Session\Handlers\FileHandler' driver.
DEBUG - 2026-06-23 16:27:57 --> Session: Class initialized using 'CodeIgniter\Session\Handlers\FileHandler' driver.
DEBUG - 2026-06-23 16:28:00 --> Session: Class initialized using 'CodeIgniter\Session\Handlers\FileHandler' driver.
INFO - 2026-06-23 16:28:07 --> CSRF token verified.
DEBUG - 2026-06-23 16:28:07 --> Session: Class initialized using 'CodeIgniter\Session\Handlers\FileHandler' driver.
DEBUG - 2026-06-23 16:28:07 --> Session: Class initialized using 'CodeIgniter\Session\Handlers\FileHandler' driver.
DEBUG - 2026-06-23 16:28:09 --> Session: Class initialized using 'CodeIgniter\Session\Handlers\FileHandler' driver.
DEBUG - 2026-06-23 16:28:10 --> Session: Class initialized using 'CodeIgniter\Session\Handlers\FileHandler' driver.
INFO - 2026-06-23 16:28:37 --> CSRF token verified.
DEBUG - 2026-06-23 16:28:37 --> Session: Class initialized using 'CodeIgniter\Session\Handlers\FileHandler' driver.
DEBUG - 2026-06-23 16:28:37 --> Session: Class initialized using 'CodeIgniter\Session\Handlers\FileHandler' driver.
DEBUG - 2026-06-23 16:28:40 --> Session: Class initialized using 'CodeIgniter\Session\Handlers\FileHandler' driver.
ERROR - 2026-06-23 16:28:40 --> Unknown column 'fecha_emision' in 'order clause'
in SYSTEMPATH\Database\MySQLi\Connection.php on line 300.
 1 SYSTEMPATH\Database\MySQLi\Connection.php(300): mysqli->query('SELECT *
FROM `recibos_mensuales`
WHERE `apartamento_id` = \'81\'
AND `estado_pago` = \'Pendiente\'
ORDER BY `fecha_emision` DESC', 0)
 2 SYSTEMPATH\Database\BaseConnection.php(910): CodeIgniter\Database\MySQLi\Connection->execute('SELECT *
FROM `recibos_mensuales`
WHERE `apartamento_id` = \'81\'
AND `estado_pago` = \'Pendiente\'
ORDER BY `fecha_emision` DESC')
 3 SYSTEMPATH\Database\BaseConnection.php(827): CodeIgniter\Database\BaseConnection->simpleQuery('SELECT *
FROM `recibos_mensuales`
WHERE `apartamento_id` = \'81\'
AND `estado_pago` = \'Pendiente\'
ORDER BY `fecha_emision` DESC')
 4 SYSTEMPATH\Database\BaseBuilder.php(1649): CodeIgniter\Database\BaseConnection->query('SELECT *
FROM `recibos_mensuales`
WHERE `apartamento_id` = :apartamento_id:
AND `estado_pago` = :estado_pago:
ORDER BY `fecha_emision` DESC', [...], false)
 5 SYSTEMPATH\Model.php(253): CodeIgniter\Database\BaseBuilder->get()
 6 SYSTEMPATH\BaseModel.php(676): CodeIgniter\Model->doFindAll(0, 0)
 7 APPPATH\Controllers\ResidenteController.php(193): CodeIgniter\BaseModel->findAll()
 8 SYSTEMPATH\CodeIgniter.php(951): App\Controllers\ResidenteController->finanzas()
 9 SYSTEMPATH\CodeIgniter.php(497): CodeIgniter\CodeIgniter->runController(Object(App\Controllers\ResidenteController))
10 SYSTEMPATH\CodeIgniter.php(340): CodeIgniter\CodeIgniter->handleRequest(null, Object(Config\Cache), false)
11 SYSTEMPATH\Boot.php(417): CodeIgniter\CodeIgniter->run()
12 SYSTEMPATH\Boot.php(68): CodeIgniter\Boot::runCodeIgniter(Object(CodeIgniter\CodeIgniter))
13 FCPATH\index.php(59): CodeIgniter\Boot::bootWeb(Object(Config\Paths))
CRITICAL - 2026-06-23 16:28:40 --> CodeIgniter\Database\Exceptions\DatabaseException: Unknown column 'fecha_emision' in 'order clause'
[Method: GET, Route: residente/finanzas]
in SYSTEMPATH\Database\BaseConnection.php on line 865.
 1 SYSTEMPATH\Database\BaseBuilder.php(1649): CodeIgniter\Database\BaseConnection->query('SELECT *
FROM `recibos_mensuales`
WHERE `apartamento_id` = :apartamento_id:
AND `estado_pago` = :estado_pago:
ORDER BY `fecha_emision` DESC', [...], false)
 2 SYSTEMPATH\Model.php(253): CodeIgniter\Database\BaseBuilder->get()
 3 SYSTEMPATH\BaseModel.php(676): CodeIgniter\Model->doFindAll(0, 0)
 4 APPPATH\Controllers\ResidenteController.php(193): CodeIgniter\BaseModel->findAll()
 5 SYSTEMPATH\CodeIgniter.php(951): App\Controllers\ResidenteController->finanzas()
 6 SYSTEMPATH\CodeIgniter.php(497): CodeIgniter\CodeIgniter->runController(Object(App\Controllers\ResidenteController))
 7 SYSTEMPATH\CodeIgniter.php(340): CodeIgniter\CodeIgniter->handleRequest(null, Object(Config\Cache), false)
 8 SYSTEMPATH\Boot.php(417): CodeIgniter\CodeIgniter->run()
 9 SYSTEMPATH\Boot.php(68): CodeIgniter\Boot::runCodeIgniter(Object(CodeIgniter\CodeIgniter))
10 FCPATH\index.php(59): CodeIgniter\Boot::bootWeb(Object(Config\Paths))
CRITICAL - 2026-06-23 16:28:40 --> [Caused by] CodeIgniter\Database\Exceptions\DatabaseException: Unknown column 'fecha_emision' in 'order clause'
in SYSTEMPATH\Database\MySQLi\Connection.php on line 310.
 1 SYSTEMPATH\Database\BaseConnection.php(910): CodeIgniter\Database\MySQLi\Connection->execute('SELECT *
FROM `recibos_mensuales`
WHERE `apartamento_id` = \'81\'
AND `estado_pago` = \'Pendiente\'
ORDER BY `fecha_emision` DESC')
 2 SYSTEMPATH\Database\BaseConnection.php(827): CodeIgniter\Database\BaseConnection->simpleQuery('SELECT *
FROM `recibos_mensuales`
WHERE `apartamento_id` = \'81\'
AND `estado_pago` = \'Pendiente\'
ORDER BY `fecha_emision` DESC')
 3 SYSTEMPATH\Database\BaseBuilder.php(1649): CodeIgniter\Database\BaseConnection->query('SELECT *
FROM `recibos_mensuales`
WHERE `apartamento_id` = :apartamento_id:
AND `estado_pago` = :estado_pago:
ORDER BY `fecha_emision` DESC', [...], false)
 4 SYSTEMPATH\Model.php(253): CodeIgniter\Database\BaseBuilder->get()
 5 SYSTEMPATH\BaseModel.php(676): CodeIgniter\Model->doFindAll(0, 0)
 6 APPPATH\Controllers\ResidenteController.php(193): CodeIgniter\BaseModel->findAll()
 7 SYSTEMPATH\CodeIgniter.php(951): App\Controllers\ResidenteController->finanzas()
 8 SYSTEMPATH\CodeIgniter.php(497): CodeIgniter\CodeIgniter->runController(Object(App\Controllers\ResidenteController))
 9 SYSTEMPATH\CodeIgniter.php(340): CodeIgniter\CodeIgniter->handleRequest(null, Object(Config\Cache), false)
10 SYSTEMPATH\Boot.php(417): CodeIgniter\CodeIgniter->run()
11 SYSTEMPATH\Boot.php(68): CodeIgniter\Boot::runCodeIgniter(Object(CodeIgniter\CodeIgniter))
12 FCPATH\index.php(59): CodeIgniter\Boot::bootWeb(Object(Config\Paths))
CRITICAL - 2026-06-23 16:28:40 --> [Caused by] mysqli_sql_exception: Unknown column 'fecha_emision' in 'order clause'
in SYSTEMPATH\Database\MySQLi\Connection.php on line 300.
 1 SYSTEMPATH\Database\MySQLi\Connection.php(300): mysqli->query('SELECT *
FROM `recibos_mensuales`
WHERE `apartamento_id` = \'81\'
AND `estado_pago` = \'Pendiente\'
ORDER BY `fecha_emision` DESC', 0)
 2 SYSTEMPATH\Database\BaseConnection.php(910): CodeIgniter\Database\MySQLi\Connection->execute('SELECT *
FROM `recibos_mensuales`
WHERE `apartamento_id` = \'81\'
AND `estado_pago` = \'Pendiente\'
ORDER BY `fecha_emision` DESC')
 3 SYSTEMPATH\Database\BaseConnection.php(827): CodeIgniter\Database\BaseConnection->simpleQuery('SELECT *
FROM `recibos_mensuales`
WHERE `apartamento_id` = \'81\'
AND `estado_pago` = \'Pendiente\'
ORDER BY `fecha_emision` DESC')
 4 SYSTEMPATH\Database\BaseBuilder.php(1649): CodeIgniter\Database\BaseConnection->query('SELECT *
FROM `recibos_mensuales`
WHERE `apartamento_id` = :apartamento_id:
AND `estado_pago` = :estado_pago:
ORDER BY `fecha_emision` DESC', [...], false)
 5 SYSTEMPATH\Model.php(253): CodeIgniter\Database\BaseBuilder->get()
 6 SYSTEMPATH\BaseModel.php(676): CodeIgniter\Model->doFindAll(0, 0)
 7 APPPATH\Controllers\ResidenteController.php(193): CodeIgniter\BaseModel->findAll()
 8 SYSTEMPATH\CodeIgniter.php(951): App\Controllers\ResidenteController->finanzas()
 9 SYSTEMPATH\CodeIgniter.php(497): CodeIgniter\CodeIgniter->runController(Object(App\Controllers\ResidenteController))
10 SYSTEMPATH\CodeIgniter.php(340): CodeIgniter\CodeIgniter->handleRequest(null, Object(Config\Cache), false)
11 SYSTEMPATH\Boot.php(417): CodeIgniter\CodeIgniter->run()
12 SYSTEMPATH\Boot.php(68): CodeIgniter\Boot::runCodeIgniter(Object(CodeIgniter\CodeIgniter))
13 FCPATH\index.php(59): CodeIgniter\Boot::bootWeb(Object(Config\Paths))
DEBUG - 2026-06-23 16:45:01 --> Session: Class initialized using 'CodeIgniter\Session\Handlers\FileHandler' driver.
DEBUG - 2026-06-23 16:45:02 --> Session: Class initialized using 'CodeIgniter\Session\Handlers\FileHandler' driver.
INFO - 2026-06-23 16:45:32 --> CSRF token verified.
DEBUG - 2026-06-23 16:45:32 --> Session: Class initialized using 'CodeIgniter\Session\Handlers\FileHandler' driver.
DEBUG - 2026-06-23 16:45:32 --> Session: Class initialized using 'CodeIgniter\Session\Handlers\FileHandler' driver.
DEBUG - 2026-06-23 16:45:34 --> Session: Class initialized using 'CodeIgniter\Session\Handlers\FileHandler' driver.
DEBUG - 2026-06-23 16:45:34 --> Session: Class initialized using 'CodeIgniter\Session\Handlers\FileHandler' driver.
DEBUG - 2026-06-23 16:45:35 --> Session: Class initialized using 'CodeIgniter\Session\Handlers\FileHandler' driver.
DEBUG - 2026-06-23 16:45:36 --> Session: Class initialized using 'CodeIgniter\Session\Handlers\FileHandler' driver.
INFO - 2026-06-23 16:45:50 --> CSRF token verified.
DEBUG - 2026-06-23 16:45:50 --> Session: Class initialized using 'CodeIgniter\Session\Handlers\FileHandler' driver.
DEBUG - 2026-06-23 16:45:51 --> Session: Class initialized using 'CodeIgniter\Session\Handlers\FileHandler' driver.
DEBUG - 2026-06-23 16:45:54 --> Session: Class initialized using 'CodeIgniter\Session\Handlers\FileHandler' driver.
DEBUG - 2026-06-23 16:45:59 --> Session: Class initialized using 'CodeIgniter\Session\Handlers\FileHandler' driver.
DEBUG - 2026-06-23 16:46:12 --> Session: Class initialized using 'CodeIgniter\Session\Handlers\FileHandler' driver.
DEBUG - 2026-06-23 16:54:47 --> Session: Class initialized using 'CodeIgniter\Session\Handlers\FileHandler' driver.
DEBUG - 2026-06-23 16:54:48 --> Session: Class initialized using 'CodeIgniter\Session\Handlers\FileHandler' driver.
DEBUG - 2026-06-23 16:54:48 --> Session: Class initialized using 'CodeIgniter\Session\Handlers\FileHandler' driver.
DEBUG - 2026-06-23 16:54:49 --> Session: Class initialized using 'CodeIgniter\Session\Handlers\FileHandler' driver.
DEBUG - 2026-06-23 16:54:49 --> Session: Class initialized using 'CodeIgniter\Session\Handlers\FileHandler' driver.
DEBUG - 2026-06-23 16:54:49 --> Session: Class initialized using 'CodeIgniter\Session\Handlers\FileHandler' driver.
DEBUG - 2026-06-23 16:54:49 --> Session: Class initialized using 'CodeIgniter\Session\Handlers\FileHandler' driver.
DEBUG - 2026-06-23 16:54:50 --> Session: Class initialized using 'CodeIgniter\Session\Handlers\FileHandler' driver.
DEBUG - 2026-06-23 16:54:50 --> Session: Class initialized using 'CodeIgniter\Session\Handlers\FileHandler' driver.
DEBUG - 2026-06-23 16:54:50 --> Session: Class initialized using 'CodeIgniter\Session\Handlers\FileHandler' driver.
DEBUG - 2026-06-23 16:54:51 --> Session: Class initialized using 'CodeIgniter\Session\Handlers\FileHandler' driver.
DEBUG - 2026-06-23 16:54:51 --> Session: Class initialized using 'CodeIgniter\Session\Handlers\FileHandler' driver.
DEBUG - 2026-06-23 16:54:52 --> Session: Class initialized using 'CodeIgniter\Session\Handlers\FileHandler' driver.
DEBUG - 2026-06-23 16:54:53 --> Session: Class initialized using 'CodeIgniter\Session\Handlers\FileHandler' driver.
DEBUG - 2026-06-23 17:00:47 --> Session: Class initialized using 'CodeIgniter\Session\Handlers\FileHandler' driver.
DEBUG - 2026-06-23 17:00:48 --> Session: Class initialized using 'CodeIgniter\Session\Handlers\FileHandler' driver.
DEBUG - 2026-06-23 17:00:48 --> Session: Class initialized using 'CodeIgniter\Session\Handlers\FileHandler' driver.
DEBUG - 2026-06-23 17:00:48 --> Session: Class initialized using 'CodeIgniter\Session\Handlers\FileHandler' driver.
DEBUG - 2026-06-23 17:00:48 --> Session: Class initialized using 'CodeIgniter\Session\Handlers\FileHandler' driver.
DEBUG - 2026-06-23 17:00:49 --> Session: Class initialized using 'CodeIgniter\Session\Handlers\FileHandler' driver.
DEBUG - 2026-06-23 17:00:49 --> Session: Class initialized using 'CodeIgniter\Session\Handlers\FileHandler' driver.
DEBUG - 2026-06-23 17:00:49 --> Session: Class initialized using 'CodeIgniter\Session\Handlers\FileHandler' driver.
DEBUG - 2026-06-23 17:00:49 --> Session: Class initialized using 'CodeIgniter\Session\Handlers\FileHandler' driver.
DEBUG - 2026-06-23 17:00:49 --> Session: Class initialized using 'CodeIgniter\Session\Handlers\FileHandler' driver.
DEBUG - 2026-06-23 17:00:50 --> Session: Class initialized using 'CodeIgniter\Session\Handlers\FileHandler' driver.
DEBUG - 2026-06-23 17:00:50 --> Session: Class initialized using 'CodeIgniter\Session\Handlers\FileHandler' driver.
DEBUG - 2026-06-23 17:00:51 --> Session: Class initialized using 'CodeIgniter\Session\Handlers\FileHandler' driver.
DEBUG - 2026-06-23 17:00:51 --> Session: Class initialized using 'CodeIgniter\Session\Handlers\FileHandler' driver.
DEBUG - 2026-06-23 17:00:52 --> Session: Class initialized using 'CodeIgniter\Session\Handlers\FileHandler' driver.
DEBUG - 2026-06-23 17:00:52 --> Session: Class initialized using 'CodeIgniter\Session\Handlers\FileHandler' driver.
DEBUG - 2026-06-23 17:00:53 --> Session: Class initialized using 'CodeIgniter\Session\Handlers\FileHandler' driver.
DEBUG - 2026-06-23 17:00:53 --> Session: Class initialized using 'CodeIgniter\Session\Handlers\FileHandler' driver.
DEBUG - 2026-06-23 17:17:11 --> Session: Class initialized using 'CodeIgniter\Session\Handlers\FileHandler' driver.
DEBUG - 2026-06-23 17:17:11 --> Session: Class initialized using 'CodeIgniter\Session\Handlers\FileHandler' driver.
INFO - 2026-06-23 17:18:56 --> CSRF token verified.
DEBUG - 2026-06-23 17:18:56 --> Session: Class initialized using 'CodeIgniter\Session\Handlers\FileHandler' driver.
DEBUG - 2026-06-23 17:18:56 --> Session: Class initialized using 'CodeIgniter\Session\Handlers\FileHandler' driver.
