DEBUG - 2026-06-22 15:52:10 --> Session: Class initialized using 'CodeIgniter\Session\Handlers\FileHandler' driver.
INFO - 2026-06-22 15:52:16 --> CSRF token verified.
DEBUG - 2026-06-22 15:52:16 --> Session: Class initialized using 'CodeIgniter\Session\Handlers\FileHandler' driver.
DEBUG - 2026-06-22 15:52:16 --> Session: Class initialized using 'CodeIgniter\Session\Handlers\FileHandler' driver.
DEBUG - 2026-06-22 15:53:28 --> Session: Class initialized using 'CodeIgniter\Session\Handlers\FileHandler' driver.
CRITICAL - 2026-06-22 15:53:28 --> ErrorException: session_start(): Ignoring session_start() because a session is already active
[Method: GET, Route: admin/cartelera]
in APPPATH\Views\admin\comandos_cartelera.php on line 2.
 1 [internal function]: CodeIgniter\Debug\Exceptions->errorHandler(8, 'session_start(): Ignoring session_start() because a session is already active', 'C:\\xampp\\htdocs\\Agora\\app\\Views\\admin\\comandos_cartelera.php', 2)
 2 APPPATH\Views\admin\comandos_cartelera.php(2): session_start()
 3 APPPATH\Views\admin\cartelera.php(10): include('C:\\xampp\\htdocs\\Agora\\app\\Views\\admin\\comandos_cartelera.php')
 4 SYSTEMPATH\View\View.php(240): include('C:\\xampp\\htdocs\\Agora\\app\\Views\\admin\\cartelera.php')
 5 SYSTEMPATH\View\View.php(243): CodeIgniter\View\View->CodeIgniter\View\{closure}()
 6 SYSTEMPATH\Common.php(1250): CodeIgniter\View\View->render('admin/cartelera', [], true)
 7 APPPATH\Controllers\AdminController.php(122): view('admin/cartelera', [...])
 8 SYSTEMPATH\CodeIgniter.php(951): App\Controllers\AdminController->cartelera()
 9 SYSTEMPATH\CodeIgniter.php(497): CodeIgniter\CodeIgniter->runController(Object(App\Controllers\AdminController))
10 SYSTEMPATH\CodeIgniter.php(340): CodeIgniter\CodeIgniter->handleRequest(null, Object(Config\Cache), false)
11 SYSTEMPATH\Boot.php(417): CodeIgniter\CodeIgniter->run()
12 SYSTEMPATH\Boot.php(68): CodeIgniter\Boot::runCodeIgniter(Object(CodeIgniter\CodeIgniter))
13 FCPATH\index.php(59): CodeIgniter\Boot::bootWeb(Object(Config\Paths))
DEBUG - 2026-06-22 15:53:29 --> Session: Class initialized using 'CodeIgniter\Session\Handlers\FileHandler' driver.
CRITICAL - 2026-06-22 15:53:29 --> ErrorException: session_start(): Ignoring session_start() because a session is already active
[Method: GET, Route: admin/cartelera]
in APPPATH\Views\admin\comandos_cartelera.php on line 2.
 1 [internal function]: CodeIgniter\Debug\Exceptions->errorHandler(8, 'session_start(): Ignoring session_start() because a session is already active', 'C:\\xampp\\htdocs\\Agora\\app\\Views\\admin\\comandos_cartelera.php', 2)
 2 APPPATH\Views\admin\comandos_cartelera.php(2): session_start()
 3 APPPATH\Views\admin\cartelera.php(10): include('C:\\xampp\\htdocs\\Agora\\app\\Views\\admin\\comandos_cartelera.php')
 4 SYSTEMPATH\View\View.php(240): include('C:\\xampp\\htdocs\\Agora\\app\\Views\\admin\\cartelera.php')
 5 SYSTEMPATH\View\View.php(243): CodeIgniter\View\View->CodeIgniter\View\{closure}()
 6 SYSTEMPATH\Common.php(1250): CodeIgniter\View\View->render('admin/cartelera', [], true)
 7 APPPATH\Controllers\AdminController.php(122): view('admin/cartelera', [...])
 8 SYSTEMPATH\CodeIgniter.php(951): App\Controllers\AdminController->cartelera()
 9 SYSTEMPATH\CodeIgniter.php(497): CodeIgniter\CodeIgniter->runController(Object(App\Controllers\AdminController))
10 SYSTEMPATH\CodeIgniter.php(340): CodeIgniter\CodeIgniter->handleRequest(null, Object(Config\Cache), false)
11 SYSTEMPATH\Boot.php(417): CodeIgniter\CodeIgniter->run()
12 SYSTEMPATH\Boot.php(68): CodeIgniter\Boot::runCodeIgniter(Object(CodeIgniter\CodeIgniter))
13 FCPATH\index.php(59): CodeIgniter\Boot::bootWeb(Object(Config\Paths))
DEBUG - 2026-06-22 15:53:31 --> Session: Class initialized using 'CodeIgniter\Session\Handlers\FileHandler' driver.
DEBUG - 2026-06-22 15:53:31 --> Session: Class initialized using 'CodeIgniter\Session\Handlers\FileHandler' driver.
CRITICAL - 2026-06-22 15:53:31 --> ErrorException: session_start(): Ignoring session_start() because a session is already active
[Method: GET, Route: admin/cartelera]
in APPPATH\Views\admin\comandos_cartelera.php on line 2.
 1 [internal function]: CodeIgniter\Debug\Exceptions->errorHandler(8, 'session_start(): Ignoring session_start() because a session is already active', 'C:\\xampp\\htdocs\\Agora\\app\\Views\\admin\\comandos_cartelera.php', 2)
 2 APPPATH\Views\admin\comandos_cartelera.php(2): session_start()
 3 APPPATH\Views\admin\cartelera.php(10): include('C:\\xampp\\htdocs\\Agora\\app\\Views\\admin\\comandos_cartelera.php')
 4 SYSTEMPATH\View\View.php(240): include('C:\\xampp\\htdocs\\Agora\\app\\Views\\admin\\cartelera.php')
 5 SYSTEMPATH\View\View.php(243): CodeIgniter\View\View->CodeIgniter\View\{closure}()
 6 SYSTEMPATH\Common.php(1250): CodeIgniter\View\View->render('admin/cartelera', [], true)
 7 APPPATH\Controllers\AdminController.php(122): view('admin/cartelera', [...])
 8 SYSTEMPATH\CodeIgniter.php(951): App\Controllers\AdminController->cartelera()
 9 SYSTEMPATH\CodeIgniter.php(497): CodeIgniter\CodeIgniter->runController(Object(App\Controllers\AdminController))
10 SYSTEMPATH\CodeIgniter.php(340): CodeIgniter\CodeIgniter->handleRequest(null, Object(Config\Cache), false)
11 SYSTEMPATH\Boot.php(417): CodeIgniter\CodeIgniter->run()
12 SYSTEMPATH\Boot.php(68): CodeIgniter\Boot::runCodeIgniter(Object(CodeIgniter\CodeIgniter))
13 FCPATH\index.php(59): CodeIgniter\Boot::bootWeb(Object(Config\Paths))
DEBUG - 2026-06-22 15:55:21 --> Session: Class initialized using 'CodeIgniter\Session\Handlers\FileHandler' driver.
CRITICAL - 2026-06-22 15:55:21 --> ErrorException: session_start(): Ignoring session_start() because a session is already active
[Method: GET, Route: admin/cartelera]
in APPPATH\Views\admin\comandos_cartelera.php on line 2.
 1 [internal function]: CodeIgniter\Debug\Exceptions->errorHandler(8, 'session_start(): Ignoring session_start() because a session is already active', 'C:\\xampp\\htdocs\\Agora\\app\\Views\\admin\\comandos_cartelera.php', 2)
 2 APPPATH\Views\admin\comandos_cartelera.php(2): session_start()
 3 APPPATH\Views\admin\cartelera.php(10): include('C:\\xampp\\htdocs\\Agora\\app\\Views\\admin\\comandos_cartelera.php')
 4 SYSTEMPATH\View\View.php(240): include('C:\\xampp\\htdocs\\Agora\\app\\Views\\admin\\cartelera.php')
 5 SYSTEMPATH\View\View.php(243): CodeIgniter\View\View->CodeIgniter\View\{closure}()
 6 SYSTEMPATH\Common.php(1250): CodeIgniter\View\View->render('admin/cartelera', [], true)
 7 APPPATH\Controllers\AdminController.php(122): view('admin/cartelera', [...])
 8 SYSTEMPATH\CodeIgniter.php(951): App\Controllers\AdminController->cartelera()
 9 SYSTEMPATH\CodeIgniter.php(497): CodeIgniter\CodeIgniter->runController(Object(App\Controllers\AdminController))
10 SYSTEMPATH\CodeIgniter.php(340): CodeIgniter\CodeIgniter->handleRequest(null, Object(Config\Cache), false)
11 SYSTEMPATH\Boot.php(417): CodeIgniter\CodeIgniter->run()
12 SYSTEMPATH\Boot.php(68): CodeIgniter\Boot::runCodeIgniter(Object(CodeIgniter\CodeIgniter))
13 FCPATH\index.php(59): CodeIgniter\Boot::bootWeb(Object(Config\Paths))
DEBUG - 2026-06-22 15:55:22 --> Session: Class initialized using 'CodeIgniter\Session\Handlers\FileHandler' driver.
CRITICAL - 2026-06-22 15:55:22 --> ErrorException: session_start(): Ignoring session_start() because a session is already active
[Method: GET, Route: admin/cartelera]
in APPPATH\Views\admin\comandos_cartelera.php on line 2.
 1 [internal function]: CodeIgniter\Debug\Exceptions->errorHandler(8, 'session_start(): Ignoring session_start() because a session is already active', 'C:\\xampp\\htdocs\\Agora\\app\\Views\\admin\\comandos_cartelera.php', 2)
 2 APPPATH\Views\admin\comandos_cartelera.php(2): session_start()
 3 APPPATH\Views\admin\cartelera.php(10): include('C:\\xampp\\htdocs\\Agora\\app\\Views\\admin\\comandos_cartelera.php')
 4 SYSTEMPATH\View\View.php(240): include('C:\\xampp\\htdocs\\Agora\\app\\Views\\admin\\cartelera.php')
 5 SYSTEMPATH\View\View.php(243): CodeIgniter\View\View->CodeIgniter\View\{closure}()
 6 SYSTEMPATH\Common.php(1250): CodeIgniter\View\View->render('admin/cartelera', [], true)
 7 APPPATH\Controllers\AdminController.php(122): view('admin/cartelera', [...])
 8 SYSTEMPATH\CodeIgniter.php(951): App\Controllers\AdminController->cartelera()
 9 SYSTEMPATH\CodeIgniter.php(497): CodeIgniter\CodeIgniter->runController(Object(App\Controllers\AdminController))
10 SYSTEMPATH\CodeIgniter.php(340): CodeIgniter\CodeIgniter->handleRequest(null, Object(Config\Cache), false)
11 SYSTEMPATH\Boot.php(417): CodeIgniter\CodeIgniter->run()
12 SYSTEMPATH\Boot.php(68): CodeIgniter\Boot::runCodeIgniter(Object(CodeIgniter\CodeIgniter))
13 FCPATH\index.php(59): CodeIgniter\Boot::bootWeb(Object(Config\Paths))
DEBUG - 2026-06-22 15:55:22 --> Session: Class initialized using 'CodeIgniter\Session\Handlers\FileHandler' driver.
CRITICAL - 2026-06-22 15:55:22 --> ErrorException: session_start(): Ignoring session_start() because a session is already active
[Method: GET, Route: admin/cartelera]
in APPPATH\Views\admin\comandos_cartelera.php on line 2.
 1 [internal function]: CodeIgniter\Debug\Exceptions->errorHandler(8, 'session_start(): Ignoring session_start() because a session is already active', 'C:\\xampp\\htdocs\\Agora\\app\\Views\\admin\\comandos_cartelera.php', 2)
 2 APPPATH\Views\admin\comandos_cartelera.php(2): session_start()
 3 APPPATH\Views\admin\cartelera.php(10): include('C:\\xampp\\htdocs\\Agora\\app\\Views\\admin\\comandos_cartelera.php')
 4 SYSTEMPATH\View\View.php(240): include('C:\\xampp\\htdocs\\Agora\\app\\Views\\admin\\cartelera.php')
 5 SYSTEMPATH\View\View.php(243): CodeIgniter\View\View->CodeIgniter\View\{closure}()
 6 SYSTEMPATH\Common.php(1250): CodeIgniter\View\View->render('admin/cartelera', [], true)
 7 APPPATH\Controllers\AdminController.php(122): view('admin/cartelera', [...])
 8 SYSTEMPATH\CodeIgniter.php(951): App\Controllers\AdminController->cartelera()
 9 SYSTEMPATH\CodeIgniter.php(497): CodeIgniter\CodeIgniter->runController(Object(App\Controllers\AdminController))
10 SYSTEMPATH\CodeIgniter.php(340): CodeIgniter\CodeIgniter->handleRequest(null, Object(Config\Cache), false)
11 SYSTEMPATH\Boot.php(417): CodeIgniter\CodeIgniter->run()
12 SYSTEMPATH\Boot.php(68): CodeIgniter\Boot::runCodeIgniter(Object(CodeIgniter\CodeIgniter))
13 FCPATH\index.php(59): CodeIgniter\Boot::bootWeb(Object(Config\Paths))
DEBUG - 2026-06-22 15:55:45 --> Session: Class initialized using 'CodeIgniter\Session\Handlers\FileHandler' driver.
CRITICAL - 2026-06-22 15:55:45 --> ErrorException: session_start(): Ignoring session_start() because a session is already active
[Method: GET, Route: admin/cartelera]
in APPPATH\Views\admin\comandos_cartelera.php on line 2.
 1 [internal function]: CodeIgniter\Debug\Exceptions->errorHandler(8, 'session_start(): Ignoring session_start() because a session is already active', 'C:\\xampp\\htdocs\\Agora\\app\\Views\\admin\\comandos_cartelera.php', 2)
 2 APPPATH\Views\admin\comandos_cartelera.php(2): session_start()
 3 APPPATH\Views\admin\cartelera.php(10): include('C:\\xampp\\htdocs\\Agora\\app\\Views\\admin\\comandos_cartelera.php')
 4 SYSTEMPATH\View\View.php(240): include('C:\\xampp\\htdocs\\Agora\\app\\Views\\admin\\cartelera.php')
 5 SYSTEMPATH\View\View.php(243): CodeIgniter\View\View->CodeIgniter\View\{closure}()
 6 SYSTEMPATH\Common.php(1250): CodeIgniter\View\View->render('admin/cartelera', [], true)
 7 APPPATH\Controllers\AdminController.php(122): view('admin/cartelera', [...])
 8 SYSTEMPATH\CodeIgniter.php(951): App\Controllers\AdminController->cartelera()
 9 SYSTEMPATH\CodeIgniter.php(497): CodeIgniter\CodeIgniter->runController(Object(App\Controllers\AdminController))
10 SYSTEMPATH\CodeIgniter.php(340): CodeIgniter\CodeIgniter->handleRequest(null, Object(Config\Cache), false)
11 SYSTEMPATH\Boot.php(417): CodeIgniter\CodeIgniter->run()
12 SYSTEMPATH\Boot.php(68): CodeIgniter\Boot::runCodeIgniter(Object(CodeIgniter\CodeIgniter))
13 FCPATH\index.php(59): CodeIgniter\Boot::bootWeb(Object(Config\Paths))
DEBUG - 2026-06-22 15:55:46 --> Session: Class initialized using 'CodeIgniter\Session\Handlers\FileHandler' driver.
CRITICAL - 2026-06-22 15:55:46 --> ErrorException: session_start(): Ignoring session_start() because a session is already active
[Method: GET, Route: admin/cartelera]
in APPPATH\Views\admin\comandos_cartelera.php on line 2.
 1 [internal function]: CodeIgniter\Debug\Exceptions->errorHandler(8, 'session_start(): Ignoring session_start() because a session is already active', 'C:\\xampp\\htdocs\\Agora\\app\\Views\\admin\\comandos_cartelera.php', 2)
 2 APPPATH\Views\admin\comandos_cartelera.php(2): session_start()
 3 APPPATH\Views\admin\cartelera.php(10): include('C:\\xampp\\htdocs\\Agora\\app\\Views\\admin\\comandos_cartelera.php')
 4 SYSTEMPATH\View\View.php(240): include('C:\\xampp\\htdocs\\Agora\\app\\Views\\admin\\cartelera.php')
 5 SYSTEMPATH\View\View.php(243): CodeIgniter\View\View->CodeIgniter\View\{closure}()
 6 SYSTEMPATH\Common.php(1250): CodeIgniter\View\View->render('admin/cartelera', [], true)
 7 APPPATH\Controllers\AdminController.php(122): view('admin/cartelera', [...])
 8 SYSTEMPATH\CodeIgniter.php(951): App\Controllers\AdminController->cartelera()
 9 SYSTEMPATH\CodeIgniter.php(497): CodeIgniter\CodeIgniter->runController(Object(App\Controllers\AdminController))
10 SYSTEMPATH\CodeIgniter.php(340): CodeIgniter\CodeIgniter->handleRequest(null, Object(Config\Cache), false)
11 SYSTEMPATH\Boot.php(417): CodeIgniter\CodeIgniter->run()
12 SYSTEMPATH\Boot.php(68): CodeIgniter\Boot::runCodeIgniter(Object(CodeIgniter\CodeIgniter))
13 FCPATH\index.php(59): CodeIgniter\Boot::bootWeb(Object(Config\Paths))
DEBUG - 2026-06-22 15:55:47 --> Session: Class initialized using 'CodeIgniter\Session\Handlers\FileHandler' driver.
CRITICAL - 2026-06-22 15:55:47 --> ErrorException: session_start(): Ignoring session_start() because a session is already active
[Method: GET, Route: admin/cartelera]
in APPPATH\Views\admin\comandos_cartelera.php on line 2.
 1 [internal function]: CodeIgniter\Debug\Exceptions->errorHandler(8, 'session_start(): Ignoring session_start() because a session is already active', 'C:\\xampp\\htdocs\\Agora\\app\\Views\\admin\\comandos_cartelera.php', 2)
 2 APPPATH\Views\admin\comandos_cartelera.php(2): session_start()
 3 APPPATH\Views\admin\cartelera.php(10): include('C:\\xampp\\htdocs\\Agora\\app\\Views\\admin\\comandos_cartelera.php')
 4 SYSTEMPATH\View\View.php(240): include('C:\\xampp\\htdocs\\Agora\\app\\Views\\admin\\cartelera.php')
 5 SYSTEMPATH\View\View.php(243): CodeIgniter\View\View->CodeIgniter\View\{closure}()
 6 SYSTEMPATH\Common.php(1250): CodeIgniter\View\View->render('admin/cartelera', [], true)
 7 APPPATH\Controllers\AdminController.php(122): view('admin/cartelera', [...])
 8 SYSTEMPATH\CodeIgniter.php(951): App\Controllers\AdminController->cartelera()
 9 SYSTEMPATH\CodeIgniter.php(497): CodeIgniter\CodeIgniter->runController(Object(App\Controllers\AdminController))
10 SYSTEMPATH\CodeIgniter.php(340): CodeIgniter\CodeIgniter->handleRequest(null, Object(Config\Cache), false)
11 SYSTEMPATH\Boot.php(417): CodeIgniter\CodeIgniter->run()
12 SYSTEMPATH\Boot.php(68): CodeIgniter\Boot::runCodeIgniter(Object(CodeIgniter\CodeIgniter))
13 FCPATH\index.php(59): CodeIgniter\Boot::bootWeb(Object(Config\Paths))
DEBUG - 2026-06-22 15:57:11 --> Session: Class initialized using 'CodeIgniter\Session\Handlers\FileHandler' driver.
DEBUG - 2026-06-22 15:57:44 --> Session: Class initialized using 'CodeIgniter\Session\Handlers\FileHandler' driver.
DEBUG - 2026-06-22 16:09:52 --> Session: Class initialized using 'CodeIgniter\Session\Handlers\FileHandler' driver.
DEBUG - 2026-06-22 16:09:52 --> Session: Class initialized using 'CodeIgniter\Session\Handlers\FileHandler' driver.
INFO - 2026-06-22 16:09:58 --> CSRF token verified.
DEBUG - 2026-06-22 16:09:58 --> Session: Class initialized using 'CodeIgniter\Session\Handlers\FileHandler' driver.
DEBUG - 2026-06-22 16:09:58 --> Session: Class initialized using 'CodeIgniter\Session\Handlers\FileHandler' driver.
DEBUG - 2026-06-22 16:10:05 --> Session: Class initialized using 'CodeIgniter\Session\Handlers\FileHandler' driver.
DEBUG - 2026-06-22 16:10:07 --> Session: Class initialized using 'CodeIgniter\Session\Handlers\FileHandler' driver.
DEBUG - 2026-06-22 16:10:09 --> Session: Class initialized using 'CodeIgniter\Session\Handlers\FileHandler' driver.
DEBUG - 2026-06-22 16:11:49 --> Session: Class initialized using 'CodeIgniter\Session\Handlers\FileHandler' driver.
DEBUG - 2026-06-22 16:11:50 --> Session: Class initialized using 'CodeIgniter\Session\Handlers\FileHandler' driver.
DEBUG - 2026-06-22 16:11:51 --> Session: Class initialized using 'CodeIgniter\Session\Handlers\FileHandler' driver.
DEBUG - 2026-06-22 16:11:52 --> Session: Class initialized using 'CodeIgniter\Session\Handlers\FileHandler' driver.
DEBUG - 2026-06-22 16:11:57 --> Session: Class initialized using 'CodeIgniter\Session\Handlers\FileHandler' driver.
DEBUG - 2026-06-22 16:11:58 --> Session: Class initialized using 'CodeIgniter\Session\Handlers\FileHandler' driver.
DEBUG - 2026-06-22 16:11:58 --> Session: Class initialized using 'CodeIgniter\Session\Handlers\FileHandler' driver.
DEBUG - 2026-06-22 16:11:59 --> Session: Class initialized using 'CodeIgniter\Session\Handlers\FileHandler' driver.
DEBUG - 2026-06-22 16:11:59 --> Session: Class initialized using 'CodeIgniter\Session\Handlers\FileHandler' driver.
DEBUG - 2026-06-22 16:12:00 --> Session: Class initialized using 'CodeIgniter\Session\Handlers\FileHandler' driver.
DEBUG - 2026-06-22 16:12:04 --> Session: Class initialized using 'CodeIgniter\Session\Handlers\FileHandler' driver.
DEBUG - 2026-06-22 16:12:04 --> Session: Class initialized using 'CodeIgniter\Session\Handlers\FileHandler' driver.
DEBUG - 2026-06-22 16:12:04 --> Session: Class initialized using 'CodeIgniter\Session\Handlers\FileHandler' driver.
DEBUG - 2026-06-22 16:12:04 --> Session: Class initialized using 'CodeIgniter\Session\Handlers\FileHandler' driver.
DEBUG - 2026-06-22 16:12:05 --> Session: Class initialized using 'CodeIgniter\Session\Handlers\FileHandler' driver.
DEBUG - 2026-06-22 16:12:05 --> Session: Class initialized using 'CodeIgniter\Session\Handlers\FileHandler' driver.
DEBUG - 2026-06-22 16:12:05 --> Session: Class initialized using 'CodeIgniter\Session\Handlers\FileHandler' driver.
DEBUG - 2026-06-22 16:12:06 --> Session: Class initialized using 'CodeIgniter\Session\Handlers\FileHandler' driver.
DEBUG - 2026-06-22 16:12:26 --> Session: Class initialized using 'CodeIgniter\Session\Handlers\FileHandler' driver.
DEBUG - 2026-06-22 16:12:27 --> Session: Class initialized using 'CodeIgniter\Session\Handlers\FileHandler' driver.
DEBUG - 2026-06-22 16:12:38 --> Session: Class initialized using 'CodeIgniter\Session\Handlers\FileHandler' driver.
DEBUG - 2026-06-22 16:17:39 --> Session: Class initialized using 'CodeIgniter\Session\Handlers\FileHandler' driver.
DEBUG - 2026-06-22 16:17:42 --> Session: Class initialized using 'CodeIgniter\Session\Handlers\FileHandler' driver.
DEBUG - 2026-06-22 16:17:42 --> Session: Class initialized using 'CodeIgniter\Session\Handlers\FileHandler' driver.
DEBUG - 2026-06-22 16:17:45 --> Session: Class initialized using 'CodeIgniter\Session\Handlers\FileHandler' driver.
DEBUG - 2026-06-22 16:17:45 --> Session: Class initialized using 'CodeIgniter\Session\Handlers\FileHandler' driver.
DEBUG - 2026-06-22 16:17:46 --> Session: Class initialized using 'CodeIgniter\Session\Handlers\FileHandler' driver.
DEBUG - 2026-06-22 16:17:47 --> Session: Class initialized using 'CodeIgniter\Session\Handlers\FileHandler' driver.
DEBUG - 2026-06-22 16:17:47 --> Session: Class initialized using 'CodeIgniter\Session\Handlers\FileHandler' driver.
DEBUG - 2026-06-22 16:17:48 --> Session: Class initialized using 'CodeIgniter\Session\Handlers\FileHandler' driver.
DEBUG - 2026-06-22 16:17:57 --> Session: Class initialized using 'CodeIgniter\Session\Handlers\FileHandler' driver.
DEBUG - 2026-06-22 16:25:01 --> Session: Class initialized using 'CodeIgniter\Session\Handlers\FileHandler' driver.
DEBUG - 2026-06-22 16:25:02 --> Session: Class initialized using 'CodeIgniter\Session\Handlers\FileHandler' driver.
DEBUG - 2026-06-22 16:25:02 --> Session: Class initialized using 'CodeIgniter\Session\Handlers\FileHandler' driver.
DEBUG - 2026-06-22 16:25:03 --> Session: Class initialized using 'CodeIgniter\Session\Handlers\FileHandler' driver.
DEBUG - 2026-06-22 16:25:03 --> Session: Class initialized using 'CodeIgniter\Session\Handlers\FileHandler' driver.
DEBUG - 2026-06-22 16:25:05 --> Session: Class initialized using 'CodeIgniter\Session\Handlers\FileHandler' driver.
DEBUG - 2026-06-22 16:25:06 --> Session: Class initialized using 'CodeIgniter\Session\Handlers\FileHandler' driver.
DEBUG - 2026-06-22 16:25:07 --> Session: Class initialized using 'CodeIgniter\Session\Handlers\FileHandler' driver.
DEBUG - 2026-06-22 16:25:08 --> Session: Class initialized using 'CodeIgniter\Session\Handlers\FileHandler' driver.
DEBUG - 2026-06-22 16:25:39 --> Session: Class initialized using 'CodeIgniter\Session\Handlers\FileHandler' driver.
DEBUG - 2026-06-22 16:25:39 --> Session: Class initialized using 'CodeIgniter\Session\Handlers\FileHandler' driver.
INFO - 2026-06-22 16:25:44 --> CSRF token verified.
DEBUG - 2026-06-22 16:25:44 --> Session: Class initialized using 'CodeIgniter\Session\Handlers\FileHandler' driver.
DEBUG - 2026-06-22 16:25:44 --> Session: Class initialized using 'CodeIgniter\Session\Handlers\FileHandler' driver.
DEBUG - 2026-06-22 16:29:31 --> Session: Class initialized using 'CodeIgniter\Session\Handlers\FileHandler' driver.
DEBUG - 2026-06-22 16:29:32 --> Session: Class initialized using 'CodeIgniter\Session\Handlers\FileHandler' driver.
DEBUG - 2026-06-22 16:29:33 --> Session: Class initialized using 'CodeIgniter\Session\Handlers\FileHandler' driver.
DEBUG - 2026-06-22 16:29:33 --> Session: Class initialized using 'CodeIgniter\Session\Handlers\FileHandler' driver.
DEBUG - 2026-06-22 16:29:35 --> Session: Class initialized using 'CodeIgniter\Session\Handlers\FileHandler' driver.
DEBUG - 2026-06-22 16:29:36 --> Session: Class initialized using 'CodeIgniter\Session\Handlers\FileHandler' driver.
DEBUG - 2026-06-22 16:29:36 --> Session: Class initialized using 'CodeIgniter\Session\Handlers\FileHandler' driver.
DEBUG - 2026-06-22 16:29:37 --> Session: Class initialized using 'CodeIgniter\Session\Handlers\FileHandler' driver.
DEBUG - 2026-06-22 16:29:38 --> Session: Class initialized using 'CodeIgniter\Session\Handlers\FileHandler' driver.
DEBUG - 2026-06-22 16:29:39 --> Session: Class initialized using 'CodeIgniter\Session\Handlers\FileHandler' driver.
DEBUG - 2026-06-22 16:29:40 --> Session: Class initialized using 'CodeIgniter\Session\Handlers\FileHandler' driver.
DEBUG - 2026-06-22 16:29:40 --> Session: Class initialized using 'CodeIgniter\Session\Handlers\FileHandler' driver.
DEBUG - 2026-06-22 16:29:40 --> Session: Class initialized using 'CodeIgniter\Session\Handlers\FileHandler' driver.
DEBUG - 2026-06-22 16:29:41 --> Session: Class initialized using 'CodeIgniter\Session\Handlers\FileHandler' driver.
DEBUG - 2026-06-22 16:29:41 --> Session: Class initialized using 'CodeIgniter\Session\Handlers\FileHandler' driver.
DEBUG - 2026-06-22 16:29:41 --> Session: Class initialized using 'CodeIgniter\Session\Handlers\FileHandler' driver.
DEBUG - 2026-06-22 16:51:18 --> Session: Class initialized using 'CodeIgniter\Session\Handlers\FileHandler' driver.
INFO - 2026-06-22 16:51:24 --> CSRF token verified.
DEBUG - 2026-06-22 16:51:24 --> Session: Class initialized using 'CodeIgniter\Session\Handlers\FileHandler' driver.
DEBUG - 2026-06-22 16:51:24 --> Session: Class initialized using 'CodeIgniter\Session\Handlers\FileHandler' driver.
DEBUG - 2026-06-22 16:51:28 --> Session: Class initialized using 'CodeIgniter\Session\Handlers\FileHandler' driver.
DEBUG - 2026-06-22 16:51:28 --> Session: Class initialized using 'CodeIgniter\Session\Handlers\FileHandler' driver.
DEBUG - 2026-06-22 16:51:28 --> Session: Class initialized using 'CodeIgniter\Session\Handlers\FileHandler' driver.
DEBUG - 2026-06-22 16:51:29 --> Session: Class initialized using 'CodeIgniter\Session\Handlers\FileHandler' driver.
DEBUG - 2026-06-22 16:51:30 --> Session: Class initialized using 'CodeIgniter\Session\Handlers\FileHandler' driver.
DEBUG - 2026-06-22 16:51:30 --> Session: Class initialized using 'CodeIgniter\Session\Handlers\FileHandler' driver.
DEBUG - 2026-06-22 16:51:30 --> Session: Class initialized using 'CodeIgniter\Session\Handlers\FileHandler' driver.
DEBUG - 2026-06-22 16:51:30 --> Session: Class initialized using 'CodeIgniter\Session\Handlers\FileHandler' driver.
DEBUG - 2026-06-22 16:51:31 --> Session: Class initialized using 'CodeIgniter\Session\Handlers\FileHandler' driver.
DEBUG - 2026-06-22 16:51:31 --> Session: Class initialized using 'CodeIgniter\Session\Handlers\FileHandler' driver.
DEBUG - 2026-06-22 16:51:31 --> Session: Class initialized using 'CodeIgniter\Session\Handlers\FileHandler' driver.
DEBUG - 2026-06-22 16:51:31 --> Session: Class initialized using 'CodeIgniter\Session\Handlers\FileHandler' driver.
DEBUG - 2026-06-22 17:03:16 --> Session: Class initialized using 'CodeIgniter\Session\Handlers\FileHandler' driver.
DEBUG - 2026-06-22 17:03:16 --> Session: Class initialized using 'CodeIgniter\Session\Handlers\FileHandler' driver.
INFO - 2026-06-22 17:03:27 --> CSRF token verified.
DEBUG - 2026-06-22 17:03:27 --> Session: Class initialized using 'CodeIgniter\Session\Handlers\FileHandler' driver.
DEBUG - 2026-06-22 17:03:27 --> Session: Class initialized using 'CodeIgniter\Session\Handlers\FileHandler' driver.
DEBUG - 2026-06-22 17:03:30 --> Session: Class initialized using 'CodeIgniter\Session\Handlers\FileHandler' driver.
DEBUG - 2026-06-22 17:03:30 --> Session: Class initialized using 'CodeIgniter\Session\Handlers\FileHandler' driver.
DEBUG - 2026-06-22 17:03:30 --> Session: Class initialized using 'CodeIgniter\Session\Handlers\FileHandler' driver.
DEBUG - 2026-06-22 17:03:31 --> Session: Class initialized using 'CodeIgniter\Session\Handlers\FileHandler' driver.
DEBUG - 2026-06-22 17:03:31 --> Session: Class initialized using 'CodeIgniter\Session\Handlers\FileHandler' driver.
DEBUG - 2026-06-22 17:03:31 --> Session: Class initialized using 'CodeIgniter\Session\Handlers\FileHandler' driver.
DEBUG - 2026-06-22 17:03:32 --> Session: Class initialized using 'CodeIgniter\Session\Handlers\FileHandler' driver.
DEBUG - 2026-06-22 17:03:32 --> Session: Class initialized using 'CodeIgniter\Session\Handlers\FileHandler' driver.
DEBUG - 2026-06-22 17:03:32 --> Session: Class initialized using 'CodeIgniter\Session\Handlers\FileHandler' driver.
DEBUG - 2026-06-22 17:03:34 --> Session: Class initialized using 'CodeIgniter\Session\Handlers\FileHandler' driver.
DEBUG - 2026-06-22 17:03:34 --> Session: Class initialized using 'CodeIgniter\Session\Handlers\FileHandler' driver.
DEBUG - 2026-06-22 17:03:34 --> Session: Class initialized using 'CodeIgniter\Session\Handlers\FileHandler' driver.
DEBUG - 2026-06-22 17:03:35 --> Session: Class initialized using 'CodeIgniter\Session\Handlers\FileHandler' driver.
DEBUG - 2026-06-22 17:03:35 --> Session: Class initialized using 'CodeIgniter\Session\Handlers\FileHandler' driver.
DEBUG - 2026-06-22 17:03:35 --> Session: Class initialized using 'CodeIgniter\Session\Handlers\FileHandler' driver.
DEBUG - 2026-06-22 17:18:25 --> Session: Class initialized using 'CodeIgniter\Session\Handlers\FileHandler' driver.
DEBUG - 2026-06-22 17:18:26 --> Session: Class initialized using 'CodeIgniter\Session\Handlers\FileHandler' driver.
INFO - 2026-06-22 17:18:32 --> CSRF token verified.
DEBUG - 2026-06-22 17:18:32 --> Session: Class initialized using 'CodeIgniter\Session\Handlers\FileHandler' driver.
DEBUG - 2026-06-22 17:18:32 --> Session: Class initialized using 'CodeIgniter\Session\Handlers\FileHandler' driver.
DEBUG - 2026-06-22 17:18:35 --> Session: Class initialized using 'CodeIgniter\Session\Handlers\FileHandler' driver.
DEBUG - 2026-06-22 17:18:35 --> Session: Class initialized using 'CodeIgniter\Session\Handlers\FileHandler' driver.
DEBUG - 2026-06-22 17:18:35 --> Session: Class initialized using 'CodeIgniter\Session\Handlers\FileHandler' driver.
DEBUG - 2026-06-22 17:18:36 --> Session: Class initialized using 'CodeIgniter\Session\Handlers\FileHandler' driver.
DEBUG - 2026-06-22 17:18:36 --> Session: Class initialized using 'CodeIgniter\Session\Handlers\FileHandler' driver.
DEBUG - 2026-06-22 17:18:36 --> Session: Class initialized using 'CodeIgniter\Session\Handlers\FileHandler' driver.
DEBUG - 2026-06-22 17:18:37 --> Session: Class initialized using 'CodeIgniter\Session\Handlers\FileHandler' driver.
DEBUG - 2026-06-22 17:18:37 --> Session: Class initialized using 'CodeIgniter\Session\Handlers\FileHandler' driver.
DEBUG - 2026-06-22 17:18:37 --> Session: Class initialized using 'CodeIgniter\Session\Handlers\FileHandler' driver.
DEBUG - 2026-06-22 17:18:38 --> Session: Class initialized using 'CodeIgniter\Session\Handlers\FileHandler' driver.
DEBUG - 2026-06-22 17:18:38 --> Session: Class initialized using 'CodeIgniter\Session\Handlers\FileHandler' driver.
DEBUG - 2026-06-22 17:18:38 --> Session: Class initialized using 'CodeIgniter\Session\Handlers\FileHandler' driver.
DEBUG - 2026-06-22 17:18:38 --> Session: Class initialized using 'CodeIgniter\Session\Handlers\FileHandler' driver.
DEBUG - 2026-06-22 17:18:38 --> Session: Class initialized using 'CodeIgniter\Session\Handlers\FileHandler' driver.
DEBUG - 2026-06-22 17:18:39 --> Session: Class initialized using 'CodeIgniter\Session\Handlers\FileHandler' driver.
DEBUG - 2026-06-22 17:18:40 --> Session: Class initialized using 'CodeIgniter\Session\Handlers\FileHandler' driver.
DEBUG - 2026-06-22 17:18:40 --> Session: Class initialized using 'CodeIgniter\Session\Handlers\FileHandler' driver.
DEBUG - 2026-06-22 17:18:40 --> Session: Class initialized using 'CodeIgniter\Session\Handlers\FileHandler' driver.
DEBUG - 2026-06-22 17:18:40 --> Session: Class initialized using 'CodeIgniter\Session\Handlers\FileHandler' driver.
DEBUG - 2026-06-22 17:18:40 --> Session: Class initialized using 'CodeIgniter\Session\Handlers\FileHandler' driver.
DEBUG - 2026-06-22 17:18:41 --> Session: Class initialized using 'CodeIgniter\Session\Handlers\FileHandler' driver.
DEBUG - 2026-06-22 17:27:44 --> Session: Class initialized using 'CodeIgniter\Session\Handlers\FileHandler' driver.
DEBUG - 2026-06-22 17:27:46 --> Session: Class initialized using 'CodeIgniter\Session\Handlers\FileHandler' driver.
DEBUG - 2026-06-22 17:57:32 --> Session: Class initialized using 'CodeIgniter\Session\Handlers\FileHandler' driver.
DEBUG - 2026-06-22 17:57:33 --> Session: Class initialized using 'CodeIgniter\Session\Handlers\FileHandler' driver.
INFO - 2026-06-22 17:57:38 --> CSRF token verified.
DEBUG - 2026-06-22 17:57:38 --> Session: Class initialized using 'CodeIgniter\Session\Handlers\FileHandler' driver.
DEBUG - 2026-06-22 17:57:39 --> Session: Class initialized using 'CodeIgniter\Session\Handlers\FileHandler' driver.
DEBUG - 2026-06-22 18:01:47 --> Session: Class initialized using 'CodeIgniter\Session\Handlers\FileHandler' driver.
DEBUG - 2026-06-22 18:01:51 --> Session: Class initialized using 'CodeIgniter\Session\Handlers\FileHandler' driver.
DEBUG - 2026-06-22 18:01:56 --> Session: Class initialized using 'CodeIgniter\Session\Handlers\FileHandler' driver.
DEBUG - 2026-06-22 18:01:59 --> Session: Class initialized using 'CodeIgniter\Session\Handlers\FileHandler' driver.
DEBUG - 2026-06-22 18:02:11 --> Session: Class initialized using 'CodeIgniter\Session\Handlers\FileHandler' driver.
DEBUG - 2026-06-22 18:02:13 --> Session: Class initialized using 'CodeIgniter\Session\Handlers\FileHandler' driver.
DEBUG - 2026-06-22 18:02:36 --> Session: Class initialized using 'CodeIgniter\Session\Handlers\FileHandler' driver.
DEBUG - 2026-06-22 18:02:38 --> Session: Class initialized using 'CodeIgniter\Session\Handlers\FileHandler' driver.
DEBUG - 2026-06-22 18:03:02 --> Session: Class initialized using 'CodeIgniter\Session\Handlers\FileHandler' driver.
DEBUG - 2026-06-22 18:05:01 --> Session: Class initialized using 'CodeIgniter\Session\Handlers\FileHandler' driver.
DEBUG - 2026-06-22 18:10:56 --> Session: Class initialized using 'CodeIgniter\Session\Handlers\FileHandler' driver.
DEBUG - 2026-06-22 18:10:57 --> Session: Class initialized using 'CodeIgniter\Session\Handlers\FileHandler' driver.
DEBUG - 2026-06-22 18:10:59 --> Session: Class initialized using 'CodeIgniter\Session\Handlers\FileHandler' driver.
DEBUG - 2026-06-22 18:11:00 --> Session: Class initialized using 'CodeIgniter\Session\Handlers\FileHandler' driver.
DEBUG - 2026-06-22 18:11:00 --> Session: Class initialized using 'CodeIgniter\Session\Handlers\FileHandler' driver.
DEBUG - 2026-06-22 18:11:01 --> Session: Class initialized using 'CodeIgniter\Session\Handlers\FileHandler' driver.
DEBUG - 2026-06-22 18:11:01 --> Session: Class initialized using 'CodeIgniter\Session\Handlers\FileHandler' driver.
DEBUG - 2026-06-22 18:11:01 --> Session: Class initialized using 'CodeIgniter\Session\Handlers\FileHandler' driver.
DEBUG - 2026-06-22 18:11:01 --> Session: Class initialized using 'CodeIgniter\Session\Handlers\FileHandler' driver.
DEBUG - 2026-06-22 18:11:01 --> Session: Class initialized using 'CodeIgniter\Session\Handlers\FileHandler' driver.
DEBUG - 2026-06-22 18:11:03 --> Session: Class initialized using 'CodeIgniter\Session\Handlers\FileHandler' driver.
DEBUG - 2026-06-22 18:14:03 --> Session: Class initialized using 'CodeIgniter\Session\Handlers\FileHandler' driver.
DEBUG - 2026-06-22 18:17:45 --> Session: Class initialized using 'CodeIgniter\Session\Handlers\FileHandler' driver.
INFO - 2026-06-22 18:18:01 --> CSRF token verified.
DEBUG - 2026-06-22 18:18:01 --> Session: Class initialized using 'CodeIgniter\Session\Handlers\FileHandler' driver.
ERROR - 2026-06-22 18:18:01 --> Unknown column 'propietario' in 'field list'
in SYSTEMPATH\Database\MySQLi\Connection.php on line 300.
 1 SYSTEMPATH\Database\MySQLi\Connection.php(300): mysqli->query('INSERT INTO `condominios` (`nombre_condominio`, `direccion`, `propietario`, `alicuota_base`) VALUES (\'albirecoque A\', \'\', \'\', 0)', 0)
 2 SYSTEMPATH\Database\BaseConnection.php(910): CodeIgniter\Database\MySQLi\Connection->execute('INSERT INTO `condominios` (`nombre_condominio`, `direccion`, `propietario`, `alicuota_base`) VALUES (\'albirecoque A\', \'\', \'\', 0)')
 3 SYSTEMPATH\Database\BaseConnection.php(827): CodeIgniter\Database\BaseConnection->simpleQuery('INSERT INTO `condominios` (`nombre_condominio`, `direccion`, `propietario`, `alicuota_base`) VALUES (\'albirecoque A\', \'\', \'\', 0)')
 4 SYSTEMPATH\Database\BaseBuilder.php(2345): CodeIgniter\Database\BaseConnection->query('INSERT INTO `condominios` (`nombre_condominio`, `direccion`, `propietario`, `alicuota_base`) VALUES (:nombre_condominio:, :direccion:, :propietario:, :alicuota_base:)', [...], false)
 5 SYSTEMPATH\Model.php(355): CodeIgniter\Database\BaseBuilder->insert()
 6 SYSTEMPATH\BaseModel.php(899): CodeIgniter\Model->doInsert([...])
 7 SYSTEMPATH\Model.php(668): CodeIgniter\BaseModel->insert([...], true)
 8 APPPATH\Controllers\SuperController.php(42): CodeIgniter\Model->insert([...])
 9 SYSTEMPATH\CodeIgniter.php(951): App\Controllers\SuperController->registrarCondominio()
10 SYSTEMPATH\CodeIgniter.php(497): CodeIgniter\CodeIgniter->runController(Object(App\Controllers\SuperController))
11 SYSTEMPATH\CodeIgniter.php(340): CodeIgniter\CodeIgniter->handleRequest(null, Object(Config\Cache), false)
12 SYSTEMPATH\Boot.php(417): CodeIgniter\CodeIgniter->run()
13 SYSTEMPATH\Boot.php(68): CodeIgniter\Boot::runCodeIgniter(Object(CodeIgniter\CodeIgniter))
14 FCPATH\index.php(59): CodeIgniter\Boot::bootWeb(Object(Config\Paths))
CRITICAL - 2026-06-22 18:18:01 --> CodeIgniter\Database\Exceptions\DatabaseException: Unknown column 'propietario' in 'field list'
[Method: POST, Route: super/apartamentos/registrar-condominio]
in SYSTEMPATH\Database\BaseConnection.php on line 865.
 1 SYSTEMPATH\Database\BaseBuilder.php(2345): CodeIgniter\Database\BaseConnection->query('INSERT INTO `condominios` (`nombre_condominio`, `direccion`, `propietario`, `alicuota_base`) VALUES (:nombre_condominio:, :direccion:, :propietario:, :alicuota_base:)', [...], false)
 2 SYSTEMPATH\Model.php(355): CodeIgniter\Database\BaseBuilder->insert()
 3 SYSTEMPATH\BaseModel.php(899): CodeIgniter\Model->doInsert([...])
 4 SYSTEMPATH\Model.php(668): CodeIgniter\BaseModel->insert([...], true)
 5 APPPATH\Controllers\SuperController.php(42): CodeIgniter\Model->insert([...])
 6 SYSTEMPATH\CodeIgniter.php(951): App\Controllers\SuperController->registrarCondominio()
 7 SYSTEMPATH\CodeIgniter.php(497): CodeIgniter\CodeIgniter->runController(Object(App\Controllers\SuperController))
 8 SYSTEMPATH\CodeIgniter.php(340): CodeIgniter\CodeIgniter->handleRequest(null, Object(Config\Cache), false)
 9 SYSTEMPATH\Boot.php(417): CodeIgniter\CodeIgniter->run()
10 SYSTEMPATH\Boot.php(68): CodeIgniter\Boot::runCodeIgniter(Object(CodeIgniter\CodeIgniter))
11 FCPATH\index.php(59): CodeIgniter\Boot::bootWeb(Object(Config\Paths))
CRITICAL - 2026-06-22 18:18:01 --> [Caused by] CodeIgniter\Database\Exceptions\DatabaseException: Unknown column 'propietario' in 'field list'
in SYSTEMPATH\Database\MySQLi\Connection.php on line 310.
 1 SYSTEMPATH\Database\BaseConnection.php(910): CodeIgniter\Database\MySQLi\Connection->execute('INSERT INTO `condominios` (`nombre_condominio`, `direccion`, `propietario`, `alicuota_base`) VALUES (\'albirecoque A\', \'\', \'\', 0)')
 2 SYSTEMPATH\Database\BaseConnection.php(827): CodeIgniter\Database\BaseConnection->simpleQuery('INSERT INTO `condominios` (`nombre_condominio`, `direccion`, `propietario`, `alicuota_base`) VALUES (\'albirecoque A\', \'\', \'\', 0)')
 3 SYSTEMPATH\Database\BaseBuilder.php(2345): CodeIgniter\Database\BaseConnection->query('INSERT INTO `condominios` (`nombre_condominio`, `direccion`, `propietario`, `alicuota_base`) VALUES (:nombre_condominio:, :direccion:, :propietario:, :alicuota_base:)', [...], false)
 4 SYSTEMPATH\Model.php(355): CodeIgniter\Database\BaseBuilder->insert()
 5 SYSTEMPATH\BaseModel.php(899): CodeIgniter\Model->doInsert([...])
 6 SYSTEMPATH\Model.php(668): CodeIgniter\BaseModel->insert([...], true)
 7 APPPATH\Controllers\SuperController.php(42): CodeIgniter\Model->insert([...])
 8 SYSTEMPATH\CodeIgniter.php(951): App\Controllers\SuperController->registrarCondominio()
 9 SYSTEMPATH\CodeIgniter.php(497): CodeIgniter\CodeIgniter->runController(Object(App\Controllers\SuperController))
10 SYSTEMPATH\CodeIgniter.php(340): CodeIgniter\CodeIgniter->handleRequest(null, Object(Config\Cache), false)
11 SYSTEMPATH\Boot.php(417): CodeIgniter\CodeIgniter->run()
12 SYSTEMPATH\Boot.php(68): CodeIgniter\Boot::runCodeIgniter(Object(CodeIgniter\CodeIgniter))
13 FCPATH\index.php(59): CodeIgniter\Boot::bootWeb(Object(Config\Paths))
CRITICAL - 2026-06-22 18:18:01 --> [Caused by] mysqli_sql_exception: Unknown column 'propietario' in 'field list'
in SYSTEMPATH\Database\MySQLi\Connection.php on line 300.
 1 SYSTEMPATH\Database\MySQLi\Connection.php(300): mysqli->query('INSERT INTO `condominios` (`nombre_condominio`, `direccion`, `propietario`, `alicuota_base`) VALUES (\'albirecoque A\', \'\', \'\', 0)', 0)
 2 SYSTEMPATH\Database\BaseConnection.php(910): CodeIgniter\Database\MySQLi\Connection->execute('INSERT INTO `condominios` (`nombre_condominio`, `direccion`, `propietario`, `alicuota_base`) VALUES (\'albirecoque A\', \'\', \'\', 0)')
 3 SYSTEMPATH\Database\BaseConnection.php(827): CodeIgniter\Database\BaseConnection->simpleQuery('INSERT INTO `condominios` (`nombre_condominio`, `direccion`, `propietario`, `alicuota_base`) VALUES (\'albirecoque A\', \'\', \'\', 0)')
 4 SYSTEMPATH\Database\BaseBuilder.php(2345): CodeIgniter\Database\BaseConnection->query('INSERT INTO `condominios` (`nombre_condominio`, `direccion`, `propietario`, `alicuota_base`) VALUES (:nombre_condominio:, :direccion:, :propietario:, :alicuota_base:)', [...], false)
 5 SYSTEMPATH\Model.php(355): CodeIgniter\Database\BaseBuilder->insert()
 6 SYSTEMPATH\BaseModel.php(899): CodeIgniter\Model->doInsert([...])
 7 SYSTEMPATH\Model.php(668): CodeIgniter\BaseModel->insert([...], true)
 8 APPPATH\Controllers\SuperController.php(42): CodeIgniter\Model->insert([...])
 9 SYSTEMPATH\CodeIgniter.php(951): App\Controllers\SuperController->registrarCondominio()
10 SYSTEMPATH\CodeIgniter.php(497): CodeIgniter\CodeIgniter->runController(Object(App\Controllers\SuperController))
11 SYSTEMPATH\CodeIgniter.php(340): CodeIgniter\CodeIgniter->handleRequest(null, Object(Config\Cache), false)
12 SYSTEMPATH\Boot.php(417): CodeIgniter\CodeIgniter->run()
13 SYSTEMPATH\Boot.php(68): CodeIgniter\Boot::runCodeIgniter(Object(CodeIgniter\CodeIgniter))
14 FCPATH\index.php(59): CodeIgniter\Boot::bootWeb(Object(Config\Paths))
DEBUG - 2026-06-22 18:22:53 --> Session: Class initialized using 'CodeIgniter\Session\Handlers\FileHandler' driver.
DEBUG - 2026-06-22 18:22:53 --> Session: Class initialized using 'CodeIgniter\Session\Handlers\FileHandler' driver.
INFO - 2026-06-22 18:23:05 --> CSRF token verified.
DEBUG - 2026-06-22 18:23:05 --> Session: Class initialized using 'CodeIgniter\Session\Handlers\FileHandler' driver.
ERROR - 2026-06-22 18:23:05 --> Cannot add or update a child row: a foreign key constraint fails (`agora`.`condominios`, CONSTRAINT `condominios_ibfk_1` FOREIGN KEY (`marca_id`) REFERENCES `configuracion_marca` (`id`) ON DELETE CASCADE)
in SYSTEMPATH\Database\MySQLi\Connection.php on line 300.
 1 SYSTEMPATH\Database\MySQLi\Connection.php(300): mysqli->query('INSERT INTO `condominios` (`nombre_condominio`, `rif_jurisdiccion`, `marca_id`) VALUES (\'albirecoque A\', \'J-12345678-9\', 1)', 0)
 2 SYSTEMPATH\Database\BaseConnection.php(910): CodeIgniter\Database\MySQLi\Connection->execute('INSERT INTO `condominios` (`nombre_condominio`, `rif_jurisdiccion`, `marca_id`) VALUES (\'albirecoque A\', \'J-12345678-9\', 1)')
 3 SYSTEMPATH\Database\BaseConnection.php(827): CodeIgniter\Database\BaseConnection->simpleQuery('INSERT INTO `condominios` (`nombre_condominio`, `rif_jurisdiccion`, `marca_id`) VALUES (\'albirecoque A\', \'J-12345678-9\', 1)')
 4 SYSTEMPATH\Database\BaseBuilder.php(2345): CodeIgniter\Database\BaseConnection->query('INSERT INTO `condominios` (`nombre_condominio`, `rif_jurisdiccion`, `marca_id`) VALUES (:nombre_condominio:, :rif_jurisdiccion:, :marca_id:)', [...], false)
 5 SYSTEMPATH\Model.php(355): CodeIgniter\Database\BaseBuilder->insert()
 6 SYSTEMPATH\BaseModel.php(899): CodeIgniter\Model->doInsert([...])
 7 SYSTEMPATH\Model.php(668): CodeIgniter\BaseModel->insert([...], true)
 8 APPPATH\Controllers\SuperController.php(41): CodeIgniter\Model->insert([...])
 9 SYSTEMPATH\CodeIgniter.php(951): App\Controllers\SuperController->registrarCondominio()
10 SYSTEMPATH\CodeIgniter.php(497): CodeIgniter\CodeIgniter->runController(Object(App\Controllers\SuperController))
11 SYSTEMPATH\CodeIgniter.php(340): CodeIgniter\CodeIgniter->handleRequest(null, Object(Config\Cache), false)
12 SYSTEMPATH\Boot.php(417): CodeIgniter\CodeIgniter->run()
13 SYSTEMPATH\Boot.php(68): CodeIgniter\Boot::runCodeIgniter(Object(CodeIgniter\CodeIgniter))
14 FCPATH\index.php(59): CodeIgniter\Boot::bootWeb(Object(Config\Paths))
CRITICAL - 2026-06-22 18:23:05 --> CodeIgniter\Database\Exceptions\DatabaseException: Cannot add or update a child row: a foreign key constraint fails (`agora`.`condominios`, CONSTRAINT `condominios_ibfk_1` FOREIGN KEY (`marca_id`) REFERENCES `configuracion_marca` (`id`) ON DELETE CASCADE)
[Method: POST, Route: super/apartamentos/registrar-condominio]
in SYSTEMPATH\Database\BaseConnection.php on line 865.
 1 SYSTEMPATH\Database\BaseBuilder.php(2345): CodeIgniter\Database\BaseConnection->query('INSERT INTO `condominios` (`nombre_condominio`, `rif_jurisdiccion`, `marca_id`) VALUES (:nombre_condominio:, :rif_jurisdiccion:, :marca_id:)', [...], false)
 2 SYSTEMPATH\Model.php(355): CodeIgniter\Database\BaseBuilder->insert()
 3 SYSTEMPATH\BaseModel.php(899): CodeIgniter\Model->doInsert([...])
 4 SYSTEMPATH\Model.php(668): CodeIgniter\BaseModel->insert([...], true)
 5 APPPATH\Controllers\SuperController.php(41): CodeIgniter\Model->insert([...])
 6 SYSTEMPATH\CodeIgniter.php(951): App\Controllers\SuperController->registrarCondominio()
 7 SYSTEMPATH\CodeIgniter.php(497): CodeIgniter\CodeIgniter->runController(Object(App\Controllers\SuperController))
 8 SYSTEMPATH\CodeIgniter.php(340): CodeIgniter\CodeIgniter->handleRequest(null, Object(Config\Cache), false)
 9 SYSTEMPATH\Boot.php(417): CodeIgniter\CodeIgniter->run()
10 SYSTEMPATH\Boot.php(68): CodeIgniter\Boot::runCodeIgniter(Object(CodeIgniter\CodeIgniter))
11 FCPATH\index.php(59): CodeIgniter\Boot::bootWeb(Object(Config\Paths))
CRITICAL - 2026-06-22 18:23:05 --> [Caused by] CodeIgniter\Database\Exceptions\DatabaseException: Cannot add or update a child row: a foreign key constraint fails (`agora`.`condominios`, CONSTRAINT `condominios_ibfk_1` FOREIGN KEY (`marca_id`) REFERENCES `configuracion_marca` (`id`) ON DELETE CASCADE)
in SYSTEMPATH\Database\MySQLi\Connection.php on line 310.
 1 SYSTEMPATH\Database\BaseConnection.php(910): CodeIgniter\Database\MySQLi\Connection->execute('INSERT INTO `condominios` (`nombre_condominio`, `rif_jurisdiccion`, `marca_id`) VALUES (\'albirecoque A\', \'J-12345678-9\', 1)')
 2 SYSTEMPATH\Database\BaseConnection.php(827): CodeIgniter\Database\BaseConnection->simpleQuery('INSERT INTO `condominios` (`nombre_condominio`, `rif_jurisdiccion`, `marca_id`) VALUES (\'albirecoque A\', \'J-12345678-9\', 1)')
 3 SYSTEMPATH\Database\BaseBuilder.php(2345): CodeIgniter\Database\BaseConnection->query('INSERT INTO `condominios` (`nombre_condominio`, `rif_jurisdiccion`, `marca_id`) VALUES (:nombre_condominio:, :rif_jurisdiccion:, :marca_id:)', [...], false)
 4 SYSTEMPATH\Model.php(355): CodeIgniter\Database\BaseBuilder->insert()
 5 SYSTEMPATH\BaseModel.php(899): CodeIgniter\Model->doInsert([...])
 6 SYSTEMPATH\Model.php(668): CodeIgniter\BaseModel->insert([...], true)
 7 APPPATH\Controllers\SuperController.php(41): CodeIgniter\Model->insert([...])
 8 SYSTEMPATH\CodeIgniter.php(951): App\Controllers\SuperController->registrarCondominio()
 9 SYSTEMPATH\CodeIgniter.php(497): CodeIgniter\CodeIgniter->runController(Object(App\Controllers\SuperController))
10 SYSTEMPATH\CodeIgniter.php(340): CodeIgniter\CodeIgniter->handleRequest(null, Object(Config\Cache), false)
11 SYSTEMPATH\Boot.php(417): CodeIgniter\CodeIgniter->run()
12 SYSTEMPATH\Boot.php(68): CodeIgniter\Boot::runCodeIgniter(Object(CodeIgniter\CodeIgniter))
13 FCPATH\index.php(59): CodeIgniter\Boot::bootWeb(Object(Config\Paths))
CRITICAL - 2026-06-22 18:23:05 --> [Caused by] mysqli_sql_exception: Cannot add or update a child row: a foreign key constraint fails (`agora`.`condominios`, CONSTRAINT `condominios_ibfk_1` FOREIGN KEY (`marca_id`) REFERENCES `configuracion_marca` (`id`) ON DELETE CASCADE)
in SYSTEMPATH\Database\MySQLi\Connection.php on line 300.
 1 SYSTEMPATH\Database\MySQLi\Connection.php(300): mysqli->query('INSERT INTO `condominios` (`nombre_condominio`, `rif_jurisdiccion`, `marca_id`) VALUES (\'albirecoque A\', \'J-12345678-9\', 1)', 0)
 2 SYSTEMPATH\Database\BaseConnection.php(910): CodeIgniter\Database\MySQLi\Connection->execute('INSERT INTO `condominios` (`nombre_condominio`, `rif_jurisdiccion`, `marca_id`) VALUES (\'albirecoque A\', \'J-12345678-9\', 1)')
 3 SYSTEMPATH\Database\BaseConnection.php(827): CodeIgniter\Database\BaseConnection->simpleQuery('INSERT INTO `condominios` (`nombre_condominio`, `rif_jurisdiccion`, `marca_id`) VALUES (\'albirecoque A\', \'J-12345678-9\', 1)')
 4 SYSTEMPATH\Database\BaseBuilder.php(2345): CodeIgniter\Database\BaseConnection->query('INSERT INTO `condominios` (`nombre_condominio`, `rif_jurisdiccion`, `marca_id`) VALUES (:nombre_condominio:, :rif_jurisdiccion:, :marca_id:)', [...], false)
 5 SYSTEMPATH\Model.php(355): CodeIgniter\Database\BaseBuilder->insert()
 6 SYSTEMPATH\BaseModel.php(899): CodeIgniter\Model->doInsert([...])
 7 SYSTEMPATH\Model.php(668): CodeIgniter\BaseModel->insert([...], true)
 8 APPPATH\Controllers\SuperController.php(41): CodeIgniter\Model->insert([...])
 9 SYSTEMPATH\CodeIgniter.php(951): App\Controllers\SuperController->registrarCondominio()
10 SYSTEMPATH\CodeIgniter.php(497): CodeIgniter\CodeIgniter->runController(Object(App\Controllers\SuperController))
11 SYSTEMPATH\CodeIgniter.php(340): CodeIgniter\CodeIgniter->handleRequest(null, Object(Config\Cache), false)
12 SYSTEMPATH\Boot.php(417): CodeIgniter\CodeIgniter->run()
13 SYSTEMPATH\Boot.php(68): CodeIgniter\Boot::runCodeIgniter(Object(CodeIgniter\CodeIgniter))
14 FCPATH\index.php(59): CodeIgniter\Boot::bootWeb(Object(Config\Paths))
ERROR - 2026-06-22 18:48:02 --> Table 'configuracion_marca' already exists
in SYSTEMPATH\Database\MySQLi\Connection.php on line 300.
 1 SYSTEMPATH\Database\MySQLi\Connection.php(300): mysqli->query('CREATE TABLE `configuracion_marca` (
	`id` INT(11) NOT NULL AUTO_INCREMENT,
	`nombre_empresa` VARCHAR(100) NOT NULL,
	`logo_url` VARCHAR(255) NULL,
	`color_primario` VARCHAR(7) NOT NULL DEFAULT \'#007bff\',
	`correo_contacto` VARCHAR(100) NULL,
	`nivel_licencia` VARCHAR(20) NOT NULL DEFAULT \'Bronce\',
	`limite_apartamentos` INT(11) NOT NULL DEFAULT 40,
	`codigo_activacion` VARCHAR(255) NULL,
	`fecha_actualizacion_plan` TIMESTAMP NULL,
	CONSTRAINT `pk_configuracion_marca` PRIMARY KEY(`id`)
) DEFAULT CHARACTER SET = utf8mb4 COLLATE = utf8mb4_general_ci', 0)
 2 SYSTEMPATH\Database\BaseConnection.php(910): CodeIgniter\Database\MySQLi\Connection->execute('CREATE TABLE `configuracion_marca` (
	`id` INT(11) NOT NULL AUTO_INCREMENT,
	`nombre_empresa` VARCHAR(100) NOT NULL,
	`logo_url` VARCHAR(255) NULL,
	`color_primario` VARCHAR(7) NOT NULL DEFAULT \'#007bff\',
	`correo_contacto` VARCHAR(100) NULL,
	`nivel_licencia` VARCHAR(20) NOT NULL DEFAULT \'Bronce\',
	`limite_apartamentos` INT(11) NOT NULL DEFAULT 40,
	`codigo_activacion` VARCHAR(255) NULL,
	`fecha_actualizacion_plan` TIMESTAMP NULL,
	CONSTRAINT `pk_configuracion_marca` PRIMARY KEY(`id`)
) DEFAULT CHARACTER SET = utf8mb4 COLLATE = utf8mb4_general_ci')
 3 SYSTEMPATH\Database\BaseConnection.php(827): CodeIgniter\Database\BaseConnection->simpleQuery('CREATE TABLE `configuracion_marca` (
	`id` INT(11) NOT NULL AUTO_INCREMENT,
	`nombre_empresa` VARCHAR(100) NOT NULL,
	`logo_url` VARCHAR(255) NULL,
	`color_primario` VARCHAR(7) NOT NULL DEFAULT \'#007bff\',
	`correo_contacto` VARCHAR(100) NULL,
	`nivel_licencia` VARCHAR(20) NOT NULL DEFAULT \'Bronce\',
	`limite_apartamentos` INT(11) NOT NULL DEFAULT 40,
	`codigo_activacion` VARCHAR(255) NULL,
	`fecha_actualizacion_plan` TIMESTAMP NULL,
	CONSTRAINT `pk_configuracion_marca` PRIMARY KEY(`id`)
) DEFAULT CHARACTER SET = utf8mb4 COLLATE = utf8mb4_general_ci')
 4 SYSTEMPATH\Database\Forge.php(570): CodeIgniter\Database\BaseConnection->query('CREATE TABLE `configuracion_marca` (
	`id` INT(11) NOT NULL AUTO_INCREMENT,
	`nombre_empresa` VARCHAR(100) NOT NULL,
	`logo_url` VARCHAR(255) NULL,
	`color_primario` VARCHAR(7) NOT NULL DEFAULT \'#007bff\',
	`correo_contacto` VARCHAR(100) NULL,
	`nivel_licencia` VARCHAR(20) NOT NULL DEFAULT \'Bronce\',
	`limite_apartamentos` INT(11) NOT NULL DEFAULT 40,
	`codigo_activacion` VARCHAR(255) NULL,
	`fecha_actualizacion_plan` TIMESTAMP NULL,
	CONSTRAINT `pk_configuracion_marca` PRIMARY KEY(`id`)
) DEFAULT CHARACTER SET = utf8mb4 COLLATE = utf8mb4_general_ci')
 5 APPPATH\Database\Migrations\2026-06-20-194930_EsquemaInicialAgora.php(28): CodeIgniter\Database\Forge->createTable('configuracion_marca')
 6 SYSTEMPATH\Database\MigrationRunner.php(1014): App\Database\Migrations\CrearBaseDeDatosInicial->up()
 7 SYSTEMPATH\Database\MigrationRunner.php(202): CodeIgniter\Database\MigrationRunner->migrate('up', Object(stdClass))
 8 SYSTEMPATH\Commands\Database\Migrate.php(89): CodeIgniter\Database\MigrationRunner->latest(null)
 9 SYSTEMPATH\CLI\SignalTrait.php(245): CodeIgniter\Commands\Database\Migrate::CodeIgniter\Commands\Database\{closure}()
10 SYSTEMPATH\Commands\Database\Migrate.php(88): CodeIgniter\Commands\Database\Migrate->withSignalsBlocked(Object(Closure))
11 SYSTEMPATH\CLI\Commands.php(74): CodeIgniter\Commands\Database\Migrate->run([])
12 SYSTEMPATH\CLI\Console.php(47): CodeIgniter\CLI\Commands->run('migrate', [])
13 SYSTEMPATH\Boot.php(442): CodeIgniter\CLI\Console->run()
14 SYSTEMPATH\Boot.php(166): CodeIgniter\Boot::runCommand(Object(CodeIgniter\CLI\Console))
15 ROOTPATH\spark(87): CodeIgniter\Boot::bootSpark(Object(Config\Paths))
DEBUG - 2026-06-22 19:14:00 --> Session: Class initialized using 'CodeIgniter\Session\Handlers\FileHandler' driver.
DEBUG - 2026-06-22 19:14:01 --> Session: Class initialized using 'CodeIgniter\Session\Handlers\FileHandler' driver.
INFO - 2026-06-22 19:14:08 --> CSRF token verified.
DEBUG - 2026-06-22 19:14:08 --> Session: Class initialized using 'CodeIgniter\Session\Handlers\FileHandler' driver.
DEBUG - 2026-06-22 19:14:08 --> Session: Class initialized using 'CodeIgniter\Session\Handlers\FileHandler' driver.
INFO - 2026-06-22 19:14:18 --> CSRF token verified.
DEBUG - 2026-06-22 19:14:18 --> Session: Class initialized using 'CodeIgniter\Session\Handlers\FileHandler' driver.
ERROR - 2026-06-22 19:14:18 --> Cannot add or update a child row: a foreign key constraint fails (`agora`.`condominios`, CONSTRAINT `condominios_ibfk_1` FOREIGN KEY (`marca_id`) REFERENCES `configuracion_marca` (`id`) ON DELETE CASCADE)
in SYSTEMPATH\Database\MySQLi\Connection.php on line 300.
 1 SYSTEMPATH\Database\MySQLi\Connection.php(300): mysqli->query('INSERT INTO `condominios` (`nombre_condominio`, `rif_jurisdiccion`, `marca_id`) VALUES (\'albirecoque A\', \'J-12345678-9\', 1)', 0)
 2 SYSTEMPATH\Database\BaseConnection.php(910): CodeIgniter\Database\MySQLi\Connection->execute('INSERT INTO `condominios` (`nombre_condominio`, `rif_jurisdiccion`, `marca_id`) VALUES (\'albirecoque A\', \'J-12345678-9\', 1)')
 3 SYSTEMPATH\Database\BaseConnection.php(827): CodeIgniter\Database\BaseConnection->simpleQuery('INSERT INTO `condominios` (`nombre_condominio`, `rif_jurisdiccion`, `marca_id`) VALUES (\'albirecoque A\', \'J-12345678-9\', 1)')
 4 SYSTEMPATH\Database\BaseBuilder.php(2345): CodeIgniter\Database\BaseConnection->query('INSERT INTO `condominios` (`nombre_condominio`, `rif_jurisdiccion`, `marca_id`) VALUES (:nombre_condominio:, :rif_jurisdiccion:, :marca_id:)', [...], false)
 5 SYSTEMPATH\Model.php(355): CodeIgniter\Database\BaseBuilder->insert()
 6 SYSTEMPATH\BaseModel.php(899): CodeIgniter\Model->doInsert([...])
 7 SYSTEMPATH\Model.php(668): CodeIgniter\BaseModel->insert([...], true)
 8 APPPATH\Controllers\SuperController.php(41): CodeIgniter\Model->insert([...])
 9 SYSTEMPATH\CodeIgniter.php(951): App\Controllers\SuperController->registrarCondominio()
10 SYSTEMPATH\CodeIgniter.php(497): CodeIgniter\CodeIgniter->runController(Object(App\Controllers\SuperController))
11 SYSTEMPATH\CodeIgniter.php(340): CodeIgniter\CodeIgniter->handleRequest(null, Object(Config\Cache), false)
12 SYSTEMPATH\Boot.php(417): CodeIgniter\CodeIgniter->run()
13 SYSTEMPATH\Boot.php(68): CodeIgniter\Boot::runCodeIgniter(Object(CodeIgniter\CodeIgniter))
14 FCPATH\index.php(59): CodeIgniter\Boot::bootWeb(Object(Config\Paths))
CRITICAL - 2026-06-22 19:14:18 --> CodeIgniter\Database\Exceptions\DatabaseException: Cannot add or update a child row: a foreign key constraint fails (`agora`.`condominios`, CONSTRAINT `condominios_ibfk_1` FOREIGN KEY (`marca_id`) REFERENCES `configuracion_marca` (`id`) ON DELETE CASCADE)
[Method: POST, Route: super/apartamentos/registrar-condominio]
in SYSTEMPATH\Database\BaseConnection.php on line 865.
 1 SYSTEMPATH\Database\BaseBuilder.php(2345): CodeIgniter\Database\BaseConnection->query('INSERT INTO `condominios` (`nombre_condominio`, `rif_jurisdiccion`, `marca_id`) VALUES (:nombre_condominio:, :rif_jurisdiccion:, :marca_id:)', [...], false)
 2 SYSTEMPATH\Model.php(355): CodeIgniter\Database\BaseBuilder->insert()
 3 SYSTEMPATH\BaseModel.php(899): CodeIgniter\Model->doInsert([...])
 4 SYSTEMPATH\Model.php(668): CodeIgniter\BaseModel->insert([...], true)
 5 APPPATH\Controllers\SuperController.php(41): CodeIgniter\Model->insert([...])
 6 SYSTEMPATH\CodeIgniter.php(951): App\Controllers\SuperController->registrarCondominio()
 7 SYSTEMPATH\CodeIgniter.php(497): CodeIgniter\CodeIgniter->runController(Object(App\Controllers\SuperController))
 8 SYSTEMPATH\CodeIgniter.php(340): CodeIgniter\CodeIgniter->handleRequest(null, Object(Config\Cache), false)
 9 SYSTEMPATH\Boot.php(417): CodeIgniter\CodeIgniter->run()
10 SYSTEMPATH\Boot.php(68): CodeIgniter\Boot::runCodeIgniter(Object(CodeIgniter\CodeIgniter))
11 FCPATH\index.php(59): CodeIgniter\Boot::bootWeb(Object(Config\Paths))
CRITICAL - 2026-06-22 19:14:18 --> [Caused by] CodeIgniter\Database\Exceptions\DatabaseException: Cannot add or update a child row: a foreign key constraint fails (`agora`.`condominios`, CONSTRAINT `condominios_ibfk_1` FOREIGN KEY (`marca_id`) REFERENCES `configuracion_marca` (`id`) ON DELETE CASCADE)
in SYSTEMPATH\Database\MySQLi\Connection.php on line 310.
 1 SYSTEMPATH\Database\BaseConnection.php(910): CodeIgniter\Database\MySQLi\Connection->execute('INSERT INTO `condominios` (`nombre_condominio`, `rif_jurisdiccion`, `marca_id`) VALUES (\'albirecoque A\', \'J-12345678-9\', 1)')
 2 SYSTEMPATH\Database\BaseConnection.php(827): CodeIgniter\Database\BaseConnection->simpleQuery('INSERT INTO `condominios` (`nombre_condominio`, `rif_jurisdiccion`, `marca_id`) VALUES (\'albirecoque A\', \'J-12345678-9\', 1)')
 3 SYSTEMPATH\Database\BaseBuilder.php(2345): CodeIgniter\Database\BaseConnection->query('INSERT INTO `condominios` (`nombre_condominio`, `rif_jurisdiccion`, `marca_id`) VALUES (:nombre_condominio:, :rif_jurisdiccion:, :marca_id:)', [...], false)
 4 SYSTEMPATH\Model.php(355): CodeIgniter\Database\BaseBuilder->insert()
 5 SYSTEMPATH\BaseModel.php(899): CodeIgniter\Model->doInsert([...])
 6 SYSTEMPATH\Model.php(668): CodeIgniter\BaseModel->insert([...], true)
 7 APPPATH\Controllers\SuperController.php(41): CodeIgniter\Model->insert([...])
 8 SYSTEMPATH\CodeIgniter.php(951): App\Controllers\SuperController->registrarCondominio()
 9 SYSTEMPATH\CodeIgniter.php(497): CodeIgniter\CodeIgniter->runController(Object(App\Controllers\SuperController))
10 SYSTEMPATH\CodeIgniter.php(340): CodeIgniter\CodeIgniter->handleRequest(null, Object(Config\Cache), false)
11 SYSTEMPATH\Boot.php(417): CodeIgniter\CodeIgniter->run()
12 SYSTEMPATH\Boot.php(68): CodeIgniter\Boot::runCodeIgniter(Object(CodeIgniter\CodeIgniter))
13 FCPATH\index.php(59): CodeIgniter\Boot::bootWeb(Object(Config\Paths))
CRITICAL - 2026-06-22 19:14:18 --> [Caused by] mysqli_sql_exception: Cannot add or update a child row: a foreign key constraint fails (`agora`.`condominios`, CONSTRAINT `condominios_ibfk_1` FOREIGN KEY (`marca_id`) REFERENCES `configuracion_marca` (`id`) ON DELETE CASCADE)
in SYSTEMPATH\Database\MySQLi\Connection.php on line 300.
 1 SYSTEMPATH\Database\MySQLi\Connection.php(300): mysqli->query('INSERT INTO `condominios` (`nombre_condominio`, `rif_jurisdiccion`, `marca_id`) VALUES (\'albirecoque A\', \'J-12345678-9\', 1)', 0)
 2 SYSTEMPATH\Database\BaseConnection.php(910): CodeIgniter\Database\MySQLi\Connection->execute('INSERT INTO `condominios` (`nombre_condominio`, `rif_jurisdiccion`, `marca_id`) VALUES (\'albirecoque A\', \'J-12345678-9\', 1)')
 3 SYSTEMPATH\Database\BaseConnection.php(827): CodeIgniter\Database\BaseConnection->simpleQuery('INSERT INTO `condominios` (`nombre_condominio`, `rif_jurisdiccion`, `marca_id`) VALUES (\'albirecoque A\', \'J-12345678-9\', 1)')
 4 SYSTEMPATH\Database\BaseBuilder.php(2345): CodeIgniter\Database\BaseConnection->query('INSERT INTO `condominios` (`nombre_condominio`, `rif_jurisdiccion`, `marca_id`) VALUES (:nombre_condominio:, :rif_jurisdiccion:, :marca_id:)', [...], false)
 5 SYSTEMPATH\Model.php(355): CodeIgniter\Database\BaseBuilder->insert()
 6 SYSTEMPATH\BaseModel.php(899): CodeIgniter\Model->doInsert([...])
 7 SYSTEMPATH\Model.php(668): CodeIgniter\BaseModel->insert([...], true)
 8 APPPATH\Controllers\SuperController.php(41): CodeIgniter\Model->insert([...])
 9 SYSTEMPATH\CodeIgniter.php(951): App\Controllers\SuperController->registrarCondominio()
10 SYSTEMPATH\CodeIgniter.php(497): CodeIgniter\CodeIgniter->runController(Object(App\Controllers\SuperController))
11 SYSTEMPATH\CodeIgniter.php(340): CodeIgniter\CodeIgniter->handleRequest(null, Object(Config\Cache), false)
12 SYSTEMPATH\Boot.php(417): CodeIgniter\CodeIgniter->run()
13 SYSTEMPATH\Boot.php(68): CodeIgniter\Boot::runCodeIgniter(Object(CodeIgniter\CodeIgniter))
14 FCPATH\index.php(59): CodeIgniter\Boot::bootWeb(Object(Config\Paths))
INFO - 2026-06-22 19:14:48 --> CSRF token verified.
DEBUG - 2026-06-22 19:14:48 --> Session: Class initialized using 'CodeIgniter\Session\Handlers\FileHandler' driver.
ERROR - 2026-06-22 19:14:48 --> Cannot add or update a child row: a foreign key constraint fails (`agora`.`condominios`, CONSTRAINT `condominios_ibfk_1` FOREIGN KEY (`marca_id`) REFERENCES `configuracion_marca` (`id`) ON DELETE CASCADE)
in SYSTEMPATH\Database\MySQLi\Connection.php on line 300.
 1 SYSTEMPATH\Database\MySQLi\Connection.php(300): mysqli->query('INSERT INTO `condominios` (`nombre_condominio`, `rif_jurisdiccion`, `marca_id`) VALUES (\'albirecoque A\', \'J-12345678-9\', 1)', 0)
 2 SYSTEMPATH\Database\BaseConnection.php(910): CodeIgniter\Database\MySQLi\Connection->execute('INSERT INTO `condominios` (`nombre_condominio`, `rif_jurisdiccion`, `marca_id`) VALUES (\'albirecoque A\', \'J-12345678-9\', 1)')
 3 SYSTEMPATH\Database\BaseConnection.php(827): CodeIgniter\Database\BaseConnection->simpleQuery('INSERT INTO `condominios` (`nombre_condominio`, `rif_jurisdiccion`, `marca_id`) VALUES (\'albirecoque A\', \'J-12345678-9\', 1)')
 4 SYSTEMPATH\Database\BaseBuilder.php(2345): CodeIgniter\Database\BaseConnection->query('INSERT INTO `condominios` (`nombre_condominio`, `rif_jurisdiccion`, `marca_id`) VALUES (:nombre_condominio:, :rif_jurisdiccion:, :marca_id:)', [...], false)
 5 SYSTEMPATH\Model.php(355): CodeIgniter\Database\BaseBuilder->insert()
 6 SYSTEMPATH\BaseModel.php(899): CodeIgniter\Model->doInsert([...])
 7 SYSTEMPATH\Model.php(668): CodeIgniter\BaseModel->insert([...], true)
 8 APPPATH\Controllers\SuperController.php(41): CodeIgniter\Model->insert([...])
 9 SYSTEMPATH\CodeIgniter.php(951): App\Controllers\SuperController->registrarCondominio()
10 SYSTEMPATH\CodeIgniter.php(497): CodeIgniter\CodeIgniter->runController(Object(App\Controllers\SuperController))
11 SYSTEMPATH\CodeIgniter.php(340): CodeIgniter\CodeIgniter->handleRequest(null, Object(Config\Cache), false)
12 SYSTEMPATH\Boot.php(417): CodeIgniter\CodeIgniter->run()
13 SYSTEMPATH\Boot.php(68): CodeIgniter\Boot::runCodeIgniter(Object(CodeIgniter\CodeIgniter))
14 FCPATH\index.php(59): CodeIgniter\Boot::bootWeb(Object(Config\Paths))
CRITICAL - 2026-06-22 19:14:48 --> CodeIgniter\Database\Exceptions\DatabaseException: Cannot add or update a child row: a foreign key constraint fails (`agora`.`condominios`, CONSTRAINT `condominios_ibfk_1` FOREIGN KEY (`marca_id`) REFERENCES `configuracion_marca` (`id`) ON DELETE CASCADE)
[Method: POST, Route: super/apartamentos/registrar-condominio]
in SYSTEMPATH\Database\BaseConnection.php on line 865.
 1 SYSTEMPATH\Database\BaseBuilder.php(2345): CodeIgniter\Database\BaseConnection->query('INSERT INTO `condominios` (`nombre_condominio`, `rif_jurisdiccion`, `marca_id`) VALUES (:nombre_condominio:, :rif_jurisdiccion:, :marca_id:)', [...], false)
 2 SYSTEMPATH\Model.php(355): CodeIgniter\Database\BaseBuilder->insert()
 3 SYSTEMPATH\BaseModel.php(899): CodeIgniter\Model->doInsert([...])
 4 SYSTEMPATH\Model.php(668): CodeIgniter\BaseModel->insert([...], true)
 5 APPPATH\Controllers\SuperController.php(41): CodeIgniter\Model->insert([...])
 6 SYSTEMPATH\CodeIgniter.php(951): App\Controllers\SuperController->registrarCondominio()
 7 SYSTEMPATH\CodeIgniter.php(497): CodeIgniter\CodeIgniter->runController(Object(App\Controllers\SuperController))
 8 SYSTEMPATH\CodeIgniter.php(340): CodeIgniter\CodeIgniter->handleRequest(null, Object(Config\Cache), false)
 9 SYSTEMPATH\Boot.php(417): CodeIgniter\CodeIgniter->run()
10 SYSTEMPATH\Boot.php(68): CodeIgniter\Boot::runCodeIgniter(Object(CodeIgniter\CodeIgniter))
11 FCPATH\index.php(59): CodeIgniter\Boot::bootWeb(Object(Config\Paths))
CRITICAL - 2026-06-22 19:14:48 --> [Caused by] CodeIgniter\Database\Exceptions\DatabaseException: Cannot add or update a child row: a foreign key constraint fails (`agora`.`condominios`, CONSTRAINT `condominios_ibfk_1` FOREIGN KEY (`marca_id`) REFERENCES `configuracion_marca` (`id`) ON DELETE CASCADE)
in SYSTEMPATH\Database\MySQLi\Connection.php on line 310.
 1 SYSTEMPATH\Database\BaseConnection.php(910): CodeIgniter\Database\MySQLi\Connection->execute('INSERT INTO `condominios` (`nombre_condominio`, `rif_jurisdiccion`, `marca_id`) VALUES (\'albirecoque A\', \'J-12345678-9\', 1)')
 2 SYSTEMPATH\Database\BaseConnection.php(827): CodeIgniter\Database\BaseConnection->simpleQuery('INSERT INTO `condominios` (`nombre_condominio`, `rif_jurisdiccion`, `marca_id`) VALUES (\'albirecoque A\', \'J-12345678-9\', 1)')
 3 SYSTEMPATH\Database\BaseBuilder.php(2345): CodeIgniter\Database\BaseConnection->query('INSERT INTO `condominios` (`nombre_condominio`, `rif_jurisdiccion`, `marca_id`) VALUES (:nombre_condominio:, :rif_jurisdiccion:, :marca_id:)', [...], false)
 4 SYSTEMPATH\Model.php(355): CodeIgniter\Database\BaseBuilder->insert()
 5 SYSTEMPATH\BaseModel.php(899): CodeIgniter\Model->doInsert([...])
 6 SYSTEMPATH\Model.php(668): CodeIgniter\BaseModel->insert([...], true)
 7 APPPATH\Controllers\SuperController.php(41): CodeIgniter\Model->insert([...])
 8 SYSTEMPATH\CodeIgniter.php(951): App\Controllers\SuperController->registrarCondominio()
 9 SYSTEMPATH\CodeIgniter.php(497): CodeIgniter\CodeIgniter->runController(Object(App\Controllers\SuperController))
10 SYSTEMPATH\CodeIgniter.php(340): CodeIgniter\CodeIgniter->handleRequest(null, Object(Config\Cache), false)
11 SYSTEMPATH\Boot.php(417): CodeIgniter\CodeIgniter->run()
12 SYSTEMPATH\Boot.php(68): CodeIgniter\Boot::runCodeIgniter(Object(CodeIgniter\CodeIgniter))
13 FCPATH\index.php(59): CodeIgniter\Boot::bootWeb(Object(Config\Paths))
CRITICAL - 2026-06-22 19:14:48 --> [Caused by] mysqli_sql_exception: Cannot add or update a child row: a foreign key constraint fails (`agora`.`condominios`, CONSTRAINT `condominios_ibfk_1` FOREIGN KEY (`marca_id`) REFERENCES `configuracion_marca` (`id`) ON DELETE CASCADE)
in SYSTEMPATH\Database\MySQLi\Connection.php on line 300.
 1 SYSTEMPATH\Database\MySQLi\Connection.php(300): mysqli->query('INSERT INTO `condominios` (`nombre_condominio`, `rif_jurisdiccion`, `marca_id`) VALUES (\'albirecoque A\', \'J-12345678-9\', 1)', 0)
 2 SYSTEMPATH\Database\BaseConnection.php(910): CodeIgniter\Database\MySQLi\Connection->execute('INSERT INTO `condominios` (`nombre_condominio`, `rif_jurisdiccion`, `marca_id`) VALUES (\'albirecoque A\', \'J-12345678-9\', 1)')
 3 SYSTEMPATH\Database\BaseConnection.php(827): CodeIgniter\Database\BaseConnection->simpleQuery('INSERT INTO `condominios` (`nombre_condominio`, `rif_jurisdiccion`, `marca_id`) VALUES (\'albirecoque A\', \'J-12345678-9\', 1)')
 4 SYSTEMPATH\Database\BaseBuilder.php(2345): CodeIgniter\Database\BaseConnection->query('INSERT INTO `condominios` (`nombre_condominio`, `rif_jurisdiccion`, `marca_id`) VALUES (:nombre_condominio:, :rif_jurisdiccion:, :marca_id:)', [...], false)
 5 SYSTEMPATH\Model.php(355): CodeIgniter\Database\BaseBuilder->insert()
 6 SYSTEMPATH\BaseModel.php(899): CodeIgniter\Model->doInsert([...])
 7 SYSTEMPATH\Model.php(668): CodeIgniter\BaseModel->insert([...], true)
 8 APPPATH\Controllers\SuperController.php(41): CodeIgniter\Model->insert([...])
 9 SYSTEMPATH\CodeIgniter.php(951): App\Controllers\SuperController->registrarCondominio()
10 SYSTEMPATH\CodeIgniter.php(497): CodeIgniter\CodeIgniter->runController(Object(App\Controllers\SuperController))
11 SYSTEMPATH\CodeIgniter.php(340): CodeIgniter\CodeIgniter->handleRequest(null, Object(Config\Cache), false)
12 SYSTEMPATH\Boot.php(417): CodeIgniter\CodeIgniter->run()
13 SYSTEMPATH\Boot.php(68): CodeIgniter\Boot::runCodeIgniter(Object(CodeIgniter\CodeIgniter))
14 FCPATH\index.php(59): CodeIgniter\Boot::bootWeb(Object(Config\Paths))
ERROR - 2026-06-22 19:24:35 --> Table 'configuracion_marca' already exists
in SYSTEMPATH\Database\MySQLi\Connection.php on line 300.
 1 SYSTEMPATH\Database\MySQLi\Connection.php(300): mysqli->query('CREATE TABLE `configuracion_marca` (
	`id` INT(11) NOT NULL AUTO_INCREMENT,
	`nombre_empresa` VARCHAR(100) NOT NULL,
	`logo_url` VARCHAR(255) NULL,
	`color_primario` VARCHAR(7) NOT NULL DEFAULT \'#007bff\',
	`correo_contacto` VARCHAR(100) NULL,
	`nivel_licencia` VARCHAR(20) NOT NULL DEFAULT \'Bronce\',
	`limite_apartamentos` INT(11) NOT NULL DEFAULT 40,
	`codigo_activacion` VARCHAR(255) NULL,
	`fecha_actualizacion_plan` TIMESTAMP NULL,
	CONSTRAINT `pk_configuracion_marca` PRIMARY KEY(`id`)
) DEFAULT CHARACTER SET = utf8mb4 COLLATE = utf8mb4_general_ci', 0)
 2 SYSTEMPATH\Database\BaseConnection.php(910): CodeIgniter\Database\MySQLi\Connection->execute('CREATE TABLE `configuracion_marca` (
	`id` INT(11) NOT NULL AUTO_INCREMENT,
	`nombre_empresa` VARCHAR(100) NOT NULL,
	`logo_url` VARCHAR(255) NULL,
	`color_primario` VARCHAR(7) NOT NULL DEFAULT \'#007bff\',
	`correo_contacto` VARCHAR(100) NULL,
	`nivel_licencia` VARCHAR(20) NOT NULL DEFAULT \'Bronce\',
	`limite_apartamentos` INT(11) NOT NULL DEFAULT 40,
	`codigo_activacion` VARCHAR(255) NULL,
	`fecha_actualizacion_plan` TIMESTAMP NULL,
	CONSTRAINT `pk_configuracion_marca` PRIMARY KEY(`id`)
) DEFAULT CHARACTER SET = utf8mb4 COLLATE = utf8mb4_general_ci')
 3 SYSTEMPATH\Database\BaseConnection.php(827): CodeIgniter\Database\BaseConnection->simpleQuery('CREATE TABLE `configuracion_marca` (
	`id` INT(11) NOT NULL AUTO_INCREMENT,
	`nombre_empresa` VARCHAR(100) NOT NULL,
	`logo_url` VARCHAR(255) NULL,
	`color_primario` VARCHAR(7) NOT NULL DEFAULT \'#007bff\',
	`correo_contacto` VARCHAR(100) NULL,
	`nivel_licencia` VARCHAR(20) NOT NULL DEFAULT \'Bronce\',
	`limite_apartamentos` INT(11) NOT NULL DEFAULT 40,
	`codigo_activacion` VARCHAR(255) NULL,
	`fecha_actualizacion_plan` TIMESTAMP NULL,
	CONSTRAINT `pk_configuracion_marca` PRIMARY KEY(`id`)
) DEFAULT CHARACTER SET = utf8mb4 COLLATE = utf8mb4_general_ci')
 4 SYSTEMPATH\Database\Forge.php(570): CodeIgniter\Database\BaseConnection->query('CREATE TABLE `configuracion_marca` (
	`id` INT(11) NOT NULL AUTO_INCREMENT,
	`nombre_empresa` VARCHAR(100) NOT NULL,
	`logo_url` VARCHAR(255) NULL,
	`color_primario` VARCHAR(7) NOT NULL DEFAULT \'#007bff\',
	`correo_contacto` VARCHAR(100) NULL,
	`nivel_licencia` VARCHAR(20) NOT NULL DEFAULT \'Bronce\',
	`limite_apartamentos` INT(11) NOT NULL DEFAULT 40,
	`codigo_activacion` VARCHAR(255) NULL,
	`fecha_actualizacion_plan` TIMESTAMP NULL,
	CONSTRAINT `pk_configuracion_marca` PRIMARY KEY(`id`)
) DEFAULT CHARACTER SET = utf8mb4 COLLATE = utf8mb4_general_ci')
 5 APPPATH\Database\Migrations\2026-06-20-194930_EsquemaInicialAgora.php(28): CodeIgniter\Database\Forge->createTable('configuracion_marca')
 6 SYSTEMPATH\Database\MigrationRunner.php(1014): App\Database\Migrations\CrearBaseDeDatosInicial->up()
 7 SYSTEMPATH\Database\MigrationRunner.php(202): CodeIgniter\Database\MigrationRunner->migrate('up', Object(stdClass))
 8 SYSTEMPATH\Commands\Database\Migrate.php(89): CodeIgniter\Database\MigrationRunner->latest(null)
 9 SYSTEMPATH\CLI\SignalTrait.php(245): CodeIgniter\Commands\Database\Migrate::CodeIgniter\Commands\Database\{closure}()
10 SYSTEMPATH\Commands\Database\Migrate.php(88): CodeIgniter\Commands\Database\Migrate->withSignalsBlocked(Object(Closure))
11 SYSTEMPATH\CLI\Commands.php(74): CodeIgniter\Commands\Database\Migrate->run([])
12 SYSTEMPATH\CLI\Console.php(47): CodeIgniter\CLI\Commands->run('migrate', [])
13 SYSTEMPATH\Boot.php(442): CodeIgniter\CLI\Console->run()
14 SYSTEMPATH\Boot.php(166): CodeIgniter\Boot::runCommand(Object(CodeIgniter\CLI\Console))
15 ROOTPATH\spark(87): CodeIgniter\Boot::bootSpark(Object(Config\Paths))
DEBUG - 2026-06-22 19:34:59 --> Session: Class initialized using 'CodeIgniter\Session\Handlers\FileHandler' driver.
DEBUG - 2026-06-22 19:34:59 --> Session: Class initialized using 'CodeIgniter\Session\Handlers\FileHandler' driver.
INFO - 2026-06-22 19:35:07 --> CSRF token verified.
DEBUG - 2026-06-22 19:35:07 --> Session: Class initialized using 'CodeIgniter\Session\Handlers\FileHandler' driver.
DEBUG - 2026-06-22 19:35:07 --> Session: Class initialized using 'CodeIgniter\Session\Handlers\FileHandler' driver.
DEBUG - 2026-06-22 20:10:37 --> Session: Class initialized using 'CodeIgniter\Session\Handlers\FileHandler' driver.
INFO - 2026-06-22 20:10:49 --> CSRF token verified.
DEBUG - 2026-06-22 20:10:49 --> Session: Class initialized using 'CodeIgniter\Session\Handlers\FileHandler' driver.
DEBUG - 2026-06-22 20:10:49 --> Session: Class initialized using 'CodeIgniter\Session\Handlers\FileHandler' driver.
CRITICAL - 2026-06-22 20:11:48 --> CodeIgniter\Security\Exceptions\SecurityException: The action you requested is not allowed.
[Method: POST, Route: auth/procesar-login]
in SYSTEMPATH\Security\Security.php on line 258.
 1 SYSTEMPATH\Security\Security.php(258): CodeIgniter\Security\Exceptions\SecurityException::forDisallowedAction()
 2 SYSTEMPATH\Filters\CSRF.php(52): CodeIgniter\Security\Security->verify(Object(CodeIgniter\HTTP\IncomingRequest))
 3 SYSTEMPATH\Filters\Filters.php(241): CodeIgniter\Filters\CSRF->before(Object(CodeIgniter\HTTP\IncomingRequest), null)
 4 SYSTEMPATH\Filters\Filters.php(221): CodeIgniter\Filters\Filters->runBefore([...])
 5 SYSTEMPATH\CodeIgniter.php(465): CodeIgniter\Filters\Filters->run('auth/procesar-login', 'before')
 6 SYSTEMPATH\CodeIgniter.php(340): CodeIgniter\CodeIgniter->handleRequest(null, Object(Config\Cache), false)
 7 SYSTEMPATH\Boot.php(417): CodeIgniter\CodeIgniter->run()
 8 SYSTEMPATH\Boot.php(68): CodeIgniter\Boot::runCodeIgniter(Object(CodeIgniter\CodeIgniter))
 9 FCPATH\index.php(59): CodeIgniter\Boot::bootWeb(Object(Config\Paths))
INFO - 2026-06-22 20:18:28 --> CSRF token verified.
DEBUG - 2026-06-22 20:18:28 --> Session: Class initialized using 'CodeIgniter\Session\Handlers\FileHandler' driver.
DEBUG - 2026-06-22 20:18:29 --> Session: Class initialized using 'CodeIgniter\Session\Handlers\FileHandler' driver.
ERROR - 2026-06-22 20:20:21 --> Table 'configuracion_marca' already exists
in SYSTEMPATH\Database\MySQLi\Connection.php on line 300.
 1 SYSTEMPATH\Database\MySQLi\Connection.php(300): mysqli->query('CREATE TABLE `configuracion_marca` (
	`id` INT(11) NOT NULL AUTO_INCREMENT,
	`nombre_empresa` VARCHAR(100) NOT NULL,
	`logo_url` VARCHAR(255) NULL,
	`color_primario` VARCHAR(7) NOT NULL DEFAULT \'#007bff\',
	`correo_contacto` VARCHAR(100) NULL,
	`nivel_licencia` VARCHAR(20) NOT NULL DEFAULT \'Bronce\',
	`limite_apartamentos` INT(11) NOT NULL DEFAULT 40,
	`codigo_activacion` VARCHAR(255) NULL,
	`fecha_actualizacion_plan` TIMESTAMP NULL,
	CONSTRAINT `pk_configuracion_marca` PRIMARY KEY(`id`)
) DEFAULT CHARACTER SET = utf8mb4 COLLATE = utf8mb4_general_ci', 0)
 2 SYSTEMPATH\Database\BaseConnection.php(910): CodeIgniter\Database\MySQLi\Connection->execute('CREATE TABLE `configuracion_marca` (
	`id` INT(11) NOT NULL AUTO_INCREMENT,
	`nombre_empresa` VARCHAR(100) NOT NULL,
	`logo_url` VARCHAR(255) NULL,
	`color_primario` VARCHAR(7) NOT NULL DEFAULT \'#007bff\',
	`correo_contacto` VARCHAR(100) NULL,
	`nivel_licencia` VARCHAR(20) NOT NULL DEFAULT \'Bronce\',
	`limite_apartamentos` INT(11) NOT NULL DEFAULT 40,
	`codigo_activacion` VARCHAR(255) NULL,
	`fecha_actualizacion_plan` TIMESTAMP NULL,
	CONSTRAINT `pk_configuracion_marca` PRIMARY KEY(`id`)
) DEFAULT CHARACTER SET = utf8mb4 COLLATE = utf8mb4_general_ci')
 3 SYSTEMPATH\Database\BaseConnection.php(827): CodeIgniter\Database\BaseConnection->simpleQuery('CREATE TABLE `configuracion_marca` (
	`id` INT(11) NOT NULL AUTO_INCREMENT,
	`nombre_empresa` VARCHAR(100) NOT NULL,
	`logo_url` VARCHAR(255) NULL,
	`color_primario` VARCHAR(7) NOT NULL DEFAULT \'#007bff\',
	`correo_contacto` VARCHAR(100) NULL,
	`nivel_licencia` VARCHAR(20) NOT NULL DEFAULT \'Bronce\',
	`limite_apartamentos` INT(11) NOT NULL DEFAULT 40,
	`codigo_activacion` VARCHAR(255) NULL,
	`fecha_actualizacion_plan` TIMESTAMP NULL,
	CONSTRAINT `pk_configuracion_marca` PRIMARY KEY(`id`)
) DEFAULT CHARACTER SET = utf8mb4 COLLATE = utf8mb4_general_ci')
 4 SYSTEMPATH\Database\Forge.php(570): CodeIgniter\Database\BaseConnection->query('CREATE TABLE `configuracion_marca` (
	`id` INT(11) NOT NULL AUTO_INCREMENT,
	`nombre_empresa` VARCHAR(100) NOT NULL,
	`logo_url` VARCHAR(255) NULL,
	`color_primario` VARCHAR(7) NOT NULL DEFAULT \'#007bff\',
	`correo_contacto` VARCHAR(100) NULL,
	`nivel_licencia` VARCHAR(20) NOT NULL DEFAULT \'Bronce\',
	`limite_apartamentos` INT(11) NOT NULL DEFAULT 40,
	`codigo_activacion` VARCHAR(255) NULL,
	`fecha_actualizacion_plan` TIMESTAMP NULL,
	CONSTRAINT `pk_configuracion_marca` PRIMARY KEY(`id`)
) DEFAULT CHARACTER SET = utf8mb4 COLLATE = utf8mb4_general_ci')
 5 APPPATH\Database\Migrations\2026-06-20-194930_EsquemaInicialAgora.php(28): CodeIgniter\Database\Forge->createTable('configuracion_marca')
 6 SYSTEMPATH\Database\MigrationRunner.php(1014): App\Database\Migrations\CrearBaseDeDatosInicial->up()
 7 SYSTEMPATH\Database\MigrationRunner.php(202): CodeIgniter\Database\MigrationRunner->migrate('up', Object(stdClass))
 8 SYSTEMPATH\Commands\Database\Migrate.php(89): CodeIgniter\Database\MigrationRunner->latest(null)
 9 SYSTEMPATH\CLI\SignalTrait.php(245): CodeIgniter\Commands\Database\Migrate::CodeIgniter\Commands\Database\{closure}()
10 SYSTEMPATH\Commands\Database\Migrate.php(88): CodeIgniter\Commands\Database\Migrate->withSignalsBlocked(Object(Closure))
11 SYSTEMPATH\CLI\Commands.php(74): CodeIgniter\Commands\Database\Migrate->run([...])
12 SYSTEMPATH\CLI\BaseCommand.php(119): CodeIgniter\CLI\Commands->run('migrate', [...])
13 SYSTEMPATH\Commands\Database\MigrateRefresh.php(91): CodeIgniter\CLI\BaseCommand->call('migrate', [...])
14 SYSTEMPATH\CLI\SignalTrait.php(245): CodeIgniter\Commands\Database\MigrateRefresh->CodeIgniter\Commands\Database\{closure}()
15 SYSTEMPATH\Commands\Database\MigrateRefresh.php(89): CodeIgniter\Commands\Database\MigrateRefresh->withSignalsBlocked(Object(Closure))
16 SYSTEMPATH\CLI\Commands.php(74): CodeIgniter\Commands\Database\MigrateRefresh->run([...])
17 SYSTEMPATH\CLI\Console.php(47): CodeIgniter\CLI\Commands->run('migrate:refresh', [])
18 SYSTEMPATH\Boot.php(442): CodeIgniter\CLI\Console->run()
19 SYSTEMPATH\Boot.php(166): CodeIgniter\Boot::runCommand(Object(CodeIgniter\CLI\Console))
20 ROOTPATH\spark(87): CodeIgniter\Boot::bootSpark(Object(Config\Paths))
ERROR - 2026-06-22 20:20:21 --> Duplicate entry '1' for key 'PRIMARY'
in SYSTEMPATH\Database\MySQLi\Connection.php on line 300.
 1 SYSTEMPATH\Database\MySQLi\Connection.php(300): mysqli->query('INSERT INTO `usuarios` (`id`, `correo`, `nombre_usuario`, `clave`, `rol`, `estado`) VALUES (1, \'admin@agora.com\', \'admin\', \'$2y$10$vmN2BmzW7Yz4EM3qw74dpOoD61Lkj77Id3H8xHpQmo.a75UO/ajuS\', \'root\', \'activo\')', 0)
 2 SYSTEMPATH\Database\BaseConnection.php(910): CodeIgniter\Database\MySQLi\Connection->execute('INSERT INTO `usuarios` (`id`, `correo`, `nombre_usuario`, `clave`, `rol`, `estado`) VALUES (1, \'admin@agora.com\', \'admin\', \'$2y$10$vmN2BmzW7Yz4EM3qw74dpOoD61Lkj77Id3H8xHpQmo.a75UO/ajuS\', \'root\', \'activo\')')
 3 SYSTEMPATH\Database\BaseConnection.php(827): CodeIgniter\Database\BaseConnection->simpleQuery('INSERT INTO `usuarios` (`id`, `correo`, `nombre_usuario`, `clave`, `rol`, `estado`) VALUES (1, \'admin@agora.com\', \'admin\', \'$2y$10$vmN2BmzW7Yz4EM3qw74dpOoD61Lkj77Id3H8xHpQmo.a75UO/ajuS\', \'root\', \'activo\')')
 4 SYSTEMPATH\Database\BaseBuilder.php(2345): CodeIgniter\Database\BaseConnection->query('INSERT INTO `usuarios` (`id`, `correo`, `nombre_usuario`, `clave`, `rol`, `estado`) VALUES (:id:, :correo:, :nombre_usuario:, :clave:, :rol:, :estado:)', [...], false)
 5 APPPATH\Database\Seeds\UsuariosSeeder.php(22): CodeIgniter\Database\BaseBuilder->insert([...])
 6 SYSTEMPATH\Database\Seeder.php(155): App\Database\Seeds\UsuariosSeeder->run()
 7 APPPATH\Database\Seeds\MainSeeder.php(16): CodeIgniter\Database\Seeder->call('App\\Database\\Seeds\\UsuariosSeeder')
 8 SYSTEMPATH\Database\Seeder.php(155): App\Database\Seeds\MainSeeder->run()
 9 SYSTEMPATH\Commands\Database\Seed.php(79): CodeIgniter\Database\Seeder->call('App\\Database\\Seeds\\MainSeeder')
10 SYSTEMPATH\CLI\Commands.php(74): CodeIgniter\Commands\Database\Seed->run([])
11 SYSTEMPATH\CLI\Console.php(47): CodeIgniter\CLI\Commands->run('db:seed', [...])
12 SYSTEMPATH\Boot.php(442): CodeIgniter\CLI\Console->run()
13 SYSTEMPATH\Boot.php(166): CodeIgniter\Boot::runCommand(Object(CodeIgniter\CLI\Console))
14 ROOTPATH\spark(87): CodeIgniter\Boot::bootSpark(Object(Config\Paths))
DEBUG - 2026-06-22 20:43:39 --> Session: Class initialized using 'CodeIgniter\Session\Handlers\FileHandler' driver.
ERROR - 2026-06-22 20:48:33 --> Duplicate entry '1' for key 'PRIMARY'
in SYSTEMPATH\Database\MySQLi\Connection.php on line 300.
 1 SYSTEMPATH\Database\MySQLi\Connection.php(300): mysqli->query('INSERT INTO `configuracion_marca` (`id`, `nombre_empresa`, `logo_url`, `color_primario`, `correo_contacto`, `nivel_licencia`, `limite_apartamentos`, `codigo_activacion`, `fecha_actualizacion_plan`) VALUES (1, \'Mi Administradora Base\', NULL, \'#007bff\', \'contacto@agora.com\', \'Bronce\', 40, NULL, NULL)', 0)
 2 SYSTEMPATH\Database\BaseConnection.php(910): CodeIgniter\Database\MySQLi\Connection->execute('INSERT INTO `configuracion_marca` (`id`, `nombre_empresa`, `logo_url`, `color_primario`, `correo_contacto`, `nivel_licencia`, `limite_apartamentos`, `codigo_activacion`, `fecha_actualizacion_plan`) VALUES (1, \'Mi Administradora Base\', NULL, \'#007bff\', \'contacto@agora.com\', \'Bronce\', 40, NULL, NULL)')
 3 SYSTEMPATH\Database\BaseConnection.php(827): CodeIgniter\Database\BaseConnection->simpleQuery('INSERT INTO `configuracion_marca` (`id`, `nombre_empresa`, `logo_url`, `color_primario`, `correo_contacto`, `nivel_licencia`, `limite_apartamentos`, `codigo_activacion`, `fecha_actualizacion_plan`) VALUES (1, \'Mi Administradora Base\', NULL, \'#007bff\', \'contacto@agora.com\', \'Bronce\', 40, NULL, NULL)')
 4 SYSTEMPATH\Database\BaseBuilder.php(2345): CodeIgniter\Database\BaseConnection->query('INSERT INTO `configuracion_marca` (`id`, `nombre_empresa`, `logo_url`, `color_primario`, `correo_contacto`, `nivel_licencia`, `limite_apartamentos`, `codigo_activacion`, `fecha_actualizacion_plan`) VALUES (:id:, :nombre_empresa:, :logo_url:, :color_primario:, :correo_contacto:, :nivel_licencia:, :limite_apartamentos:, :codigo_activacion:, :fecha_actualizacion_plan:)', [...], false)
 5 APPPATH\Database\Seeds\ConfiguracionMarcaSeeder.php(23): CodeIgniter\Database\BaseBuilder->insert([...])
 6 SYSTEMPATH\Database\Seeder.php(155): App\Database\Seeds\ConfiguracionMarcaSeeder->run()
 7 APPPATH\Database\Seeds\MainSeeder.php(15): CodeIgniter\Database\Seeder->call('App\\Database\\Seeds\\ConfiguracionMarcaSeeder')
 8 SYSTEMPATH\Database\Seeder.php(155): App\Database\Seeds\MainSeeder->run()
 9 SYSTEMPATH\Commands\Database\Seed.php(79): CodeIgniter\Database\Seeder->call('App\\Database\\Seeds\\MainSeeder')
10 SYSTEMPATH\CLI\Commands.php(74): CodeIgniter\Commands\Database\Seed->run([])
11 SYSTEMPATH\CLI\Console.php(47): CodeIgniter\CLI\Commands->run('db:seed', [...])
12 SYSTEMPATH\Boot.php(442): CodeIgniter\CLI\Console->run()
13 SYSTEMPATH\Boot.php(166): CodeIgniter\Boot::runCommand(Object(CodeIgniter\CLI\Console))
14 ROOTPATH\spark(87): CodeIgniter\Boot::bootSpark(Object(Config\Paths))
ERROR - 2026-06-22 20:48:50 --> Table 'configuracion_marca' already exists
in SYSTEMPATH\Database\MySQLi\Connection.php on line 300.
 1 SYSTEMPATH\Database\MySQLi\Connection.php(300): mysqli->query('CREATE TABLE `configuracion_marca` (
	`id` INT(11) NOT NULL AUTO_INCREMENT,
	`nombre_empresa` VARCHAR(100) NOT NULL,
	`logo_url` VARCHAR(255) NULL,
	`color_primario` VARCHAR(7) NOT NULL DEFAULT \'#007bff\',
	`correo_contacto` VARCHAR(100) NULL,
	`nivel_licencia` VARCHAR(20) NOT NULL DEFAULT \'Bronce\',
	`limite_apartamentos` INT(11) NOT NULL DEFAULT 40,
	`codigo_activacion` VARCHAR(255) NULL,
	`fecha_actualizacion_plan` TIMESTAMP NULL,
	CONSTRAINT `pk_configuracion_marca` PRIMARY KEY(`id`)
) DEFAULT CHARACTER SET = utf8mb4 COLLATE = utf8mb4_general_ci', 0)
 2 SYSTEMPATH\Database\BaseConnection.php(910): CodeIgniter\Database\MySQLi\Connection->execute('CREATE TABLE `configuracion_marca` (
	`id` INT(11) NOT NULL AUTO_INCREMENT,
	`nombre_empresa` VARCHAR(100) NOT NULL,
	`logo_url` VARCHAR(255) NULL,
	`color_primario` VARCHAR(7) NOT NULL DEFAULT \'#007bff\',
	`correo_contacto` VARCHAR(100) NULL,
	`nivel_licencia` VARCHAR(20) NOT NULL DEFAULT \'Bronce\',
	`limite_apartamentos` INT(11) NOT NULL DEFAULT 40,
	`codigo_activacion` VARCHAR(255) NULL,
	`fecha_actualizacion_plan` TIMESTAMP NULL,
	CONSTRAINT `pk_configuracion_marca` PRIMARY KEY(`id`)
) DEFAULT CHARACTER SET = utf8mb4 COLLATE = utf8mb4_general_ci')
 3 SYSTEMPATH\Database\BaseConnection.php(827): CodeIgniter\Database\BaseConnection->simpleQuery('CREATE TABLE `configuracion_marca` (
	`id` INT(11) NOT NULL AUTO_INCREMENT,
	`nombre_empresa` VARCHAR(100) NOT NULL,
	`logo_url` VARCHAR(255) NULL,
	`color_primario` VARCHAR(7) NOT NULL DEFAULT \'#007bff\',
	`correo_contacto` VARCHAR(100) NULL,
	`nivel_licencia` VARCHAR(20) NOT NULL DEFAULT \'Bronce\',
	`limite_apartamentos` INT(11) NOT NULL DEFAULT 40,
	`codigo_activacion` VARCHAR(255) NULL,
	`fecha_actualizacion_plan` TIMESTAMP NULL,
	CONSTRAINT `pk_configuracion_marca` PRIMARY KEY(`id`)
) DEFAULT CHARACTER SET = utf8mb4 COLLATE = utf8mb4_general_ci')
 4 SYSTEMPATH\Database\Forge.php(570): CodeIgniter\Database\BaseConnection->query('CREATE TABLE `configuracion_marca` (
	`id` INT(11) NOT NULL AUTO_INCREMENT,
	`nombre_empresa` VARCHAR(100) NOT NULL,
	`logo_url` VARCHAR(255) NULL,
	`color_primario` VARCHAR(7) NOT NULL DEFAULT \'#007bff\',
	`correo_contacto` VARCHAR(100) NULL,
	`nivel_licencia` VARCHAR(20) NOT NULL DEFAULT \'Bronce\',
	`limite_apartamentos` INT(11) NOT NULL DEFAULT 40,
	`codigo_activacion` VARCHAR(255) NULL,
	`fecha_actualizacion_plan` TIMESTAMP NULL,
	CONSTRAINT `pk_configuracion_marca` PRIMARY KEY(`id`)
) DEFAULT CHARACTER SET = utf8mb4 COLLATE = utf8mb4_general_ci')
 5 APPPATH\Database\Migrations\2026-06-20-194930_EsquemaInicialAgora.php(28): CodeIgniter\Database\Forge->createTable('configuracion_marca')
 6 SYSTEMPATH\Database\MigrationRunner.php(1014): App\Database\Migrations\CrearBaseDeDatosInicial->up()
 7 SYSTEMPATH\Database\MigrationRunner.php(202): CodeIgniter\Database\MigrationRunner->migrate('up', Object(stdClass))
 8 SYSTEMPATH\Commands\Database\Migrate.php(89): CodeIgniter\Database\MigrationRunner->latest(null)
 9 SYSTEMPATH\CLI\SignalTrait.php(245): CodeIgniter\Commands\Database\Migrate::CodeIgniter\Commands\Database\{closure}()
10 SYSTEMPATH\Commands\Database\Migrate.php(88): CodeIgniter\Commands\Database\Migrate->withSignalsBlocked(Object(Closure))
11 SYSTEMPATH\CLI\Commands.php(74): CodeIgniter\Commands\Database\Migrate->run([...])
12 SYSTEMPATH\CLI\BaseCommand.php(119): CodeIgniter\CLI\Commands->run('migrate', [...])
13 SYSTEMPATH\Commands\Database\MigrateRefresh.php(91): CodeIgniter\CLI\BaseCommand->call('migrate', [...])
14 SYSTEMPATH\CLI\SignalTrait.php(245): CodeIgniter\Commands\Database\MigrateRefresh->CodeIgniter\Commands\Database\{closure}()
15 SYSTEMPATH\Commands\Database\MigrateRefresh.php(89): CodeIgniter\Commands\Database\MigrateRefresh->withSignalsBlocked(Object(Closure))
16 SYSTEMPATH\CLI\Commands.php(74): CodeIgniter\Commands\Database\MigrateRefresh->run([...])
17 SYSTEMPATH\CLI\Console.php(47): CodeIgniter\CLI\Commands->run('migrate:refresh', [])
18 SYSTEMPATH\Boot.php(442): CodeIgniter\CLI\Console->run()
19 SYSTEMPATH\Boot.php(166): CodeIgniter\Boot::runCommand(Object(CodeIgniter\CLI\Console))
20 ROOTPATH\spark(87): CodeIgniter\Boot::bootSpark(Object(Config\Paths))
ERROR - 2026-06-22 20:48:50 --> Duplicate entry '1' for key 'PRIMARY'
in SYSTEMPATH\Database\MySQLi\Connection.php on line 300.
 1 SYSTEMPATH\Database\MySQLi\Connection.php(300): mysqli->query('INSERT INTO `configuracion_marca` (`id`, `nombre_empresa`, `logo_url`, `color_primario`, `correo_contacto`, `nivel_licencia`, `limite_apartamentos`, `codigo_activacion`, `fecha_actualizacion_plan`) VALUES (1, \'Mi Administradora Base\', NULL, \'#007bff\', \'contacto@agora.com\', \'Bronce\', 40, NULL, NULL)', 0)
 2 SYSTEMPATH\Database\BaseConnection.php(910): CodeIgniter\Database\MySQLi\Connection->execute('INSERT INTO `configuracion_marca` (`id`, `nombre_empresa`, `logo_url`, `color_primario`, `correo_contacto`, `nivel_licencia`, `limite_apartamentos`, `codigo_activacion`, `fecha_actualizacion_plan`) VALUES (1, \'Mi Administradora Base\', NULL, \'#007bff\', \'contacto@agora.com\', \'Bronce\', 40, NULL, NULL)')
 3 SYSTEMPATH\Database\BaseConnection.php(827): CodeIgniter\Database\BaseConnection->simpleQuery('INSERT INTO `configuracion_marca` (`id`, `nombre_empresa`, `logo_url`, `color_primario`, `correo_contacto`, `nivel_licencia`, `limite_apartamentos`, `codigo_activacion`, `fecha_actualizacion_plan`) VALUES (1, \'Mi Administradora Base\', NULL, \'#007bff\', \'contacto@agora.com\', \'Bronce\', 40, NULL, NULL)')
 4 SYSTEMPATH\Database\BaseBuilder.php(2345): CodeIgniter\Database\BaseConnection->query('INSERT INTO `configuracion_marca` (`id`, `nombre_empresa`, `logo_url`, `color_primario`, `correo_contacto`, `nivel_licencia`, `limite_apartamentos`, `codigo_activacion`, `fecha_actualizacion_plan`) VALUES (:id:, :nombre_empresa:, :logo_url:, :color_primario:, :correo_contacto:, :nivel_licencia:, :limite_apartamentos:, :codigo_activacion:, :fecha_actualizacion_plan:)', [...], false)
 5 APPPATH\Database\Seeds\ConfiguracionMarcaSeeder.php(23): CodeIgniter\Database\BaseBuilder->insert([...])
 6 SYSTEMPATH\Database\Seeder.php(155): App\Database\Seeds\ConfiguracionMarcaSeeder->run()
 7 APPPATH\Database\Seeds\MainSeeder.php(15): CodeIgniter\Database\Seeder->call('App\\Database\\Seeds\\ConfiguracionMarcaSeeder')
 8 SYSTEMPATH\Database\Seeder.php(155): App\Database\Seeds\MainSeeder->run()
 9 SYSTEMPATH\Commands\Database\Seed.php(79): CodeIgniter\Database\Seeder->call('App\\Database\\Seeds\\MainSeeder')
10 SYSTEMPATH\CLI\Commands.php(74): CodeIgniter\Commands\Database\Seed->run([])
11 SYSTEMPATH\CLI\Console.php(47): CodeIgniter\CLI\Commands->run('db:seed', [...])
12 SYSTEMPATH\Boot.php(442): CodeIgniter\CLI\Console->run()
13 SYSTEMPATH\Boot.php(166): CodeIgniter\Boot::runCommand(Object(CodeIgniter\CLI\Console))
14 ROOTPATH\spark(87): CodeIgniter\Boot::bootSpark(Object(Config\Paths))
DEBUG - 2026-06-22 20:51:14 --> Session: Class initialized using 'CodeIgniter\Session\Handlers\FileHandler' driver.
INFO - 2026-06-22 20:53:02 --> CSRF token verified.
DEBUG - 2026-06-22 20:53:02 --> Session: Class initialized using 'CodeIgniter\Session\Handlers\FileHandler' driver.
DEBUG - 2026-06-22 20:53:02 --> Session: Class initialized using 'CodeIgniter\Session\Handlers\FileHandler' driver.
INFO - 2026-06-22 20:59:54 --> CSRF token verified.
DEBUG - 2026-06-22 20:59:54 --> Session: Class initialized using 'CodeIgniter\Session\Handlers\FileHandler' driver.
DEBUG - 2026-06-22 20:59:54 --> Session: Class initialized using 'CodeIgniter\Session\Handlers\FileHandler' driver.
DEBUG - 2026-06-22 20:59:59 --> Session: Class initialized using 'CodeIgniter\Session\Handlers\FileHandler' driver.
INFO - 2026-06-22 21:00:08 --> CSRF token verified.
DEBUG - 2026-06-22 21:00:08 --> Session: Class initialized using 'CodeIgniter\Session\Handlers\FileHandler' driver.
DEBUG - 2026-06-22 21:00:08 --> Session: Class initialized using 'CodeIgniter\Session\Handlers\FileHandler' driver.
ERROR - 2026-06-22 21:04:18 --> Cannot truncate a table referenced in a foreign key constraint (`agora`.`noticias_comunicados`, CONSTRAINT `noticias_comunicados_ibfk_1` FOREIGN KEY (`autor_id`) REFERENCES `agora`.`usuarios` (`id`))
in SYSTEMPATH\Database\MySQLi\Connection.php on line 300.
 1 SYSTEMPATH\Database\MySQLi\Connection.php(300): mysqli->query('TRUNCATE `usuarios`', 0)
 2 SYSTEMPATH\Database\BaseConnection.php(910): CodeIgniter\Database\MySQLi\Connection->execute('TRUNCATE `usuarios`')
 3 SYSTEMPATH\Database\BaseConnection.php(827): CodeIgniter\Database\BaseConnection->simpleQuery('TRUNCATE `usuarios`')
 4 SYSTEMPATH\Database\BaseBuilder.php(2773): CodeIgniter\Database\BaseConnection->query('TRUNCATE `usuarios`', null, false)
 5 APPPATH\Database\Seeds\UsuariosSeeder.php(21): CodeIgniter\Database\BaseBuilder->truncate()
 6 SYSTEMPATH\Database\Seeder.php(155): App\Database\Seeds\UsuariosSeeder->run()
 7 SYSTEMPATH\Commands\Database\Seed.php(79): CodeIgniter\Database\Seeder->call('\\App\\Database\\Seeds\\UsuariosSeeder')
 8 SYSTEMPATH\CLI\Commands.php(74): CodeIgniter\Commands\Database\Seed->run([])
 9 SYSTEMPATH\CLI\Console.php(47): CodeIgniter\CLI\Commands->run('db:seed', [...])
10 SYSTEMPATH\Boot.php(442): CodeIgniter\CLI\Console->run()
11 SYSTEMPATH\Boot.php(166): CodeIgniter\Boot::runCommand(Object(CodeIgniter\CLI\Console))
12 ROOTPATH\spark(87): CodeIgniter\Boot::bootSpark(Object(Config\Paths))
ERROR - 2026-06-22 21:06:59 --> Table 'configuracion_marca' already exists
in SYSTEMPATH\Database\MySQLi\Connection.php on line 300.
 1 SYSTEMPATH\Database\MySQLi\Connection.php(300): mysqli->query('CREATE TABLE `configuracion_marca` (
	`id` INT(11) NOT NULL AUTO_INCREMENT,
	`nombre_empresa` VARCHAR(100) NOT NULL,
	`logo_url` VARCHAR(255) NULL,
	`color_primario` VARCHAR(7) NOT NULL DEFAULT \'#007bff\',
	`correo_contacto` VARCHAR(100) NULL,
	`nivel_licencia` VARCHAR(20) NOT NULL DEFAULT \'Bronce\',
	`limite_apartamentos` INT(11) NOT NULL DEFAULT 40,
	`codigo_activacion` VARCHAR(255) NULL,
	`fecha_actualizacion_plan` TIMESTAMP NULL,
	CONSTRAINT `pk_configuracion_marca` PRIMARY KEY(`id`)
) DEFAULT CHARACTER SET = utf8mb4 COLLATE = utf8mb4_general_ci', 0)
 2 SYSTEMPATH\Database\BaseConnection.php(910): CodeIgniter\Database\MySQLi\Connection->execute('CREATE TABLE `configuracion_marca` (
	`id` INT(11) NOT NULL AUTO_INCREMENT,
	`nombre_empresa` VARCHAR(100) NOT NULL,
	`logo_url` VARCHAR(255) NULL,
	`color_primario` VARCHAR(7) NOT NULL DEFAULT \'#007bff\',
	`correo_contacto` VARCHAR(100) NULL,
	`nivel_licencia` VARCHAR(20) NOT NULL DEFAULT \'Bronce\',
	`limite_apartamentos` INT(11) NOT NULL DEFAULT 40,
	`codigo_activacion` VARCHAR(255) NULL,
	`fecha_actualizacion_plan` TIMESTAMP NULL,
	CONSTRAINT `pk_configuracion_marca` PRIMARY KEY(`id`)
) DEFAULT CHARACTER SET = utf8mb4 COLLATE = utf8mb4_general_ci')
 3 SYSTEMPATH\Database\BaseConnection.php(827): CodeIgniter\Database\BaseConnection->simpleQuery('CREATE TABLE `configuracion_marca` (
	`id` INT(11) NOT NULL AUTO_INCREMENT,
	`nombre_empresa` VARCHAR(100) NOT NULL,
	`logo_url` VARCHAR(255) NULL,
	`color_primario` VARCHAR(7) NOT NULL DEFAULT \'#007bff\',
	`correo_contacto` VARCHAR(100) NULL,
	`nivel_licencia` VARCHAR(20) NOT NULL DEFAULT \'Bronce\',
	`limite_apartamentos` INT(11) NOT NULL DEFAULT 40,
	`codigo_activacion` VARCHAR(255) NULL,
	`fecha_actualizacion_plan` TIMESTAMP NULL,
	CONSTRAINT `pk_configuracion_marca` PRIMARY KEY(`id`)
) DEFAULT CHARACTER SET = utf8mb4 COLLATE = utf8mb4_general_ci')
 4 SYSTEMPATH\Database\Forge.php(570): CodeIgniter\Database\BaseConnection->query('CREATE TABLE `configuracion_marca` (
	`id` INT(11) NOT NULL AUTO_INCREMENT,
	`nombre_empresa` VARCHAR(100) NOT NULL,
	`logo_url` VARCHAR(255) NULL,
	`color_primario` VARCHAR(7) NOT NULL DEFAULT \'#007bff\',
	`correo_contacto` VARCHAR(100) NULL,
	`nivel_licencia` VARCHAR(20) NOT NULL DEFAULT \'Bronce\',
	`limite_apartamentos` INT(11) NOT NULL DEFAULT 40,
	`codigo_activacion` VARCHAR(255) NULL,
	`fecha_actualizacion_plan` TIMESTAMP NULL,
	CONSTRAINT `pk_configuracion_marca` PRIMARY KEY(`id`)
) DEFAULT CHARACTER SET = utf8mb4 COLLATE = utf8mb4_general_ci')
 5 APPPATH\Database\Migrations\2026-06-20-194930_EsquemaInicialAgora.php(28): CodeIgniter\Database\Forge->createTable('configuracion_marca')
 6 SYSTEMPATH\Database\MigrationRunner.php(1014): App\Database\Migrations\CrearBaseDeDatosInicial->up()
 7 SYSTEMPATH\Database\MigrationRunner.php(202): CodeIgniter\Database\MigrationRunner->migrate('up', Object(stdClass))
 8 SYSTEMPATH\Commands\Database\Migrate.php(89): CodeIgniter\Database\MigrationRunner->latest(null)
 9 SYSTEMPATH\CLI\SignalTrait.php(245): CodeIgniter\Commands\Database\Migrate::CodeIgniter\Commands\Database\{closure}()
10 SYSTEMPATH\Commands\Database\Migrate.php(88): CodeIgniter\Commands\Database\Migrate->withSignalsBlocked(Object(Closure))
11 SYSTEMPATH\CLI\Commands.php(74): CodeIgniter\Commands\Database\Migrate->run([...])
12 SYSTEMPATH\CLI\BaseCommand.php(119): CodeIgniter\CLI\Commands->run('migrate', [...])
13 SYSTEMPATH\Commands\Database\MigrateRefresh.php(91): CodeIgniter\CLI\BaseCommand->call('migrate', [...])
14 SYSTEMPATH\CLI\SignalTrait.php(245): CodeIgniter\Commands\Database\MigrateRefresh->CodeIgniter\Commands\Database\{closure}()
15 SYSTEMPATH\Commands\Database\MigrateRefresh.php(89): CodeIgniter\Commands\Database\MigrateRefresh->withSignalsBlocked(Object(Closure))
16 SYSTEMPATH\CLI\Commands.php(74): CodeIgniter\Commands\Database\MigrateRefresh->run([...])
17 SYSTEMPATH\CLI\Console.php(47): CodeIgniter\CLI\Commands->run('migrate:refresh', [])
18 SYSTEMPATH\Boot.php(442): CodeIgniter\CLI\Console->run()
19 SYSTEMPATH\Boot.php(166): CodeIgniter\Boot::runCommand(Object(CodeIgniter\CLI\Console))
20 ROOTPATH\spark(87): CodeIgniter\Boot::bootSpark(Object(Config\Paths))
ERROR - 2026-06-22 21:06:59 --> Duplicate entry '1' for key 'PRIMARY'
in SYSTEMPATH\Database\MySQLi\Connection.php on line 300.
 1 SYSTEMPATH\Database\MySQLi\Connection.php(300): mysqli->query('INSERT INTO `configuracion_marca` (`id`, `nombre_empresa`, `logo_url`, `color_primario`, `correo_contacto`, `nivel_licencia`, `limite_apartamentos`, `codigo_activacion`, `fecha_actualizacion_plan`) VALUES (1, \'Mi Administradora Base\', NULL, \'#007bff\', \'contacto@agora.com\', \'Bronce\', 40, NULL, NULL)', 0)
 2 SYSTEMPATH\Database\BaseConnection.php(910): CodeIgniter\Database\MySQLi\Connection->execute('INSERT INTO `configuracion_marca` (`id`, `nombre_empresa`, `logo_url`, `color_primario`, `correo_contacto`, `nivel_licencia`, `limite_apartamentos`, `codigo_activacion`, `fecha_actualizacion_plan`) VALUES (1, \'Mi Administradora Base\', NULL, \'#007bff\', \'contacto@agora.com\', \'Bronce\', 40, NULL, NULL)')
 3 SYSTEMPATH\Database\BaseConnection.php(827): CodeIgniter\Database\BaseConnection->simpleQuery('INSERT INTO `configuracion_marca` (`id`, `nombre_empresa`, `logo_url`, `color_primario`, `correo_contacto`, `nivel_licencia`, `limite_apartamentos`, `codigo_activacion`, `fecha_actualizacion_plan`) VALUES (1, \'Mi Administradora Base\', NULL, \'#007bff\', \'contacto@agora.com\', \'Bronce\', 40, NULL, NULL)')
 4 SYSTEMPATH\Database\BaseBuilder.php(2345): CodeIgniter\Database\BaseConnection->query('INSERT INTO `configuracion_marca` (`id`, `nombre_empresa`, `logo_url`, `color_primario`, `correo_contacto`, `nivel_licencia`, `limite_apartamentos`, `codigo_activacion`, `fecha_actualizacion_plan`) VALUES (:id:, :nombre_empresa:, :logo_url:, :color_primario:, :correo_contacto:, :nivel_licencia:, :limite_apartamentos:, :codigo_activacion:, :fecha_actualizacion_plan:)', [...], false)
 5 APPPATH\Database\Seeds\ConfiguracionMarcaSeeder.php(23): CodeIgniter\Database\BaseBuilder->insert([...])
 6 SYSTEMPATH\Database\Seeder.php(155): App\Database\Seeds\ConfiguracionMarcaSeeder->run()
 7 APPPATH\Database\Seeds\MainSeeder.php(15): CodeIgniter\Database\Seeder->call('App\\Database\\Seeds\\ConfiguracionMarcaSeeder')
 8 SYSTEMPATH\Database\Seeder.php(155): App\Database\Seeds\MainSeeder->run()
 9 SYSTEMPATH\Commands\Database\Seed.php(79): CodeIgniter\Database\Seeder->call('App\\Database\\Seeds\\MainSeeder')
10 SYSTEMPATH\CLI\Commands.php(74): CodeIgniter\Commands\Database\Seed->run([])
11 SYSTEMPATH\CLI\Console.php(47): CodeIgniter\CLI\Commands->run('db:seed', [...])
12 SYSTEMPATH\Boot.php(442): CodeIgniter\CLI\Console->run()
13 SYSTEMPATH\Boot.php(166): CodeIgniter\Boot::runCommand(Object(CodeIgniter\CLI\Console))
14 ROOTPATH\spark(87): CodeIgniter\Boot::bootSpark(Object(Config\Paths))
ERROR - 2026-06-22 21:09:27 --> Table 'configuracion_marca' already exists
in SYSTEMPATH\Database\MySQLi\Connection.php on line 300.
 1 SYSTEMPATH\Database\MySQLi\Connection.php(300): mysqli->query('CREATE TABLE `configuracion_marca` (
	`id` INT(11) NOT NULL AUTO_INCREMENT,
	`nombre_empresa` VARCHAR(100) NOT NULL,
	`logo_url` VARCHAR(255) NULL,
	`color_primario` VARCHAR(7) NOT NULL DEFAULT \'#007bff\',
	`correo_contacto` VARCHAR(100) NULL,
	`nivel_licencia` VARCHAR(20) NOT NULL DEFAULT \'Bronce\',
	`limite_apartamentos` INT(11) NOT NULL DEFAULT 40,
	`codigo_activacion` VARCHAR(255) NULL,
	`fecha_actualizacion_plan` TIMESTAMP NULL,
	CONSTRAINT `pk_configuracion_marca` PRIMARY KEY(`id`)
) DEFAULT CHARACTER SET = utf8mb4 COLLATE = utf8mb4_general_ci', 0)
 2 SYSTEMPATH\Database\BaseConnection.php(910): CodeIgniter\Database\MySQLi\Connection->execute('CREATE TABLE `configuracion_marca` (
	`id` INT(11) NOT NULL AUTO_INCREMENT,
	`nombre_empresa` VARCHAR(100) NOT NULL,
	`logo_url` VARCHAR(255) NULL,
	`color_primario` VARCHAR(7) NOT NULL DEFAULT \'#007bff\',
	`correo_contacto` VARCHAR(100) NULL,
	`nivel_licencia` VARCHAR(20) NOT NULL DEFAULT \'Bronce\',
	`limite_apartamentos` INT(11) NOT NULL DEFAULT 40,
	`codigo_activacion` VARCHAR(255) NULL,
	`fecha_actualizacion_plan` TIMESTAMP NULL,
	CONSTRAINT `pk_configuracion_marca` PRIMARY KEY(`id`)
) DEFAULT CHARACTER SET = utf8mb4 COLLATE = utf8mb4_general_ci')
 3 SYSTEMPATH\Database\BaseConnection.php(827): CodeIgniter\Database\BaseConnection->simpleQuery('CREATE TABLE `configuracion_marca` (
	`id` INT(11) NOT NULL AUTO_INCREMENT,
	`nombre_empresa` VARCHAR(100) NOT NULL,
	`logo_url` VARCHAR(255) NULL,
	`color_primario` VARCHAR(7) NOT NULL DEFAULT \'#007bff\',
	`correo_contacto` VARCHAR(100) NULL,
	`nivel_licencia` VARCHAR(20) NOT NULL DEFAULT \'Bronce\',
	`limite_apartamentos` INT(11) NOT NULL DEFAULT 40,
	`codigo_activacion` VARCHAR(255) NULL,
	`fecha_actualizacion_plan` TIMESTAMP NULL,
	CONSTRAINT `pk_configuracion_marca` PRIMARY KEY(`id`)
) DEFAULT CHARACTER SET = utf8mb4 COLLATE = utf8mb4_general_ci')
 4 SYSTEMPATH\Database\Forge.php(570): CodeIgniter\Database\BaseConnection->query('CREATE TABLE `configuracion_marca` (
	`id` INT(11) NOT NULL AUTO_INCREMENT,
	`nombre_empresa` VARCHAR(100) NOT NULL,
	`logo_url` VARCHAR(255) NULL,
	`color_primario` VARCHAR(7) NOT NULL DEFAULT \'#007bff\',
	`correo_contacto` VARCHAR(100) NULL,
	`nivel_licencia` VARCHAR(20) NOT NULL DEFAULT \'Bronce\',
	`limite_apartamentos` INT(11) NOT NULL DEFAULT 40,
	`codigo_activacion` VARCHAR(255) NULL,
	`fecha_actualizacion_plan` TIMESTAMP NULL,
	CONSTRAINT `pk_configuracion_marca` PRIMARY KEY(`id`)
) DEFAULT CHARACTER SET = utf8mb4 COLLATE = utf8mb4_general_ci')
 5 APPPATH\Database\Migrations\2026-06-20-194930_EsquemaInicialAgora.php(28): CodeIgniter\Database\Forge->createTable('configuracion_marca')
 6 SYSTEMPATH\Database\MigrationRunner.php(1014): App\Database\Migrations\CrearBaseDeDatosInicial->up()
 7 SYSTEMPATH\Database\MigrationRunner.php(202): CodeIgniter\Database\MigrationRunner->migrate('up', Object(stdClass))
 8 SYSTEMPATH\Commands\Database\Migrate.php(89): CodeIgniter\Database\MigrationRunner->latest(null)
 9 SYSTEMPATH\CLI\SignalTrait.php(245): CodeIgniter\Commands\Database\Migrate::CodeIgniter\Commands\Database\{closure}()
10 SYSTEMPATH\Commands\Database\Migrate.php(88): CodeIgniter\Commands\Database\Migrate->withSignalsBlocked(Object(Closure))
11 SYSTEMPATH\CLI\Commands.php(74): CodeIgniter\Commands\Database\Migrate->run([...])
12 SYSTEMPATH\CLI\BaseCommand.php(119): CodeIgniter\CLI\Commands->run('migrate', [...])
13 SYSTEMPATH\Commands\Database\MigrateRefresh.php(91): CodeIgniter\CLI\BaseCommand->call('migrate', [...])
14 SYSTEMPATH\CLI\SignalTrait.php(245): CodeIgniter\Commands\Database\MigrateRefresh->CodeIgniter\Commands\Database\{closure}()
15 SYSTEMPATH\Commands\Database\MigrateRefresh.php(89): CodeIgniter\Commands\Database\MigrateRefresh->withSignalsBlocked(Object(Closure))
16 SYSTEMPATH\CLI\Commands.php(74): CodeIgniter\Commands\Database\MigrateRefresh->run([...])
17 SYSTEMPATH\CLI\Console.php(47): CodeIgniter\CLI\Commands->run('migrate:refresh', [])
18 SYSTEMPATH\Boot.php(442): CodeIgniter\CLI\Console->run()
19 SYSTEMPATH\Boot.php(166): CodeIgniter\Boot::runCommand(Object(CodeIgniter\CLI\Console))
20 ROOTPATH\spark(87): CodeIgniter\Boot::bootSpark(Object(Config\Paths))
ERROR - 2026-06-22 21:09:27 --> Duplicate entry '1' for key 'PRIMARY'
in SYSTEMPATH\Database\MySQLi\Connection.php on line 300.
 1 SYSTEMPATH\Database\MySQLi\Connection.php(300): mysqli->query('INSERT INTO `configuracion_marca` (`id`, `nombre_empresa`, `logo_url`, `color_primario`, `correo_contacto`, `nivel_licencia`, `limite_apartamentos`, `codigo_activacion`, `fecha_actualizacion_plan`) VALUES (1, \'Mi Administradora Base\', NULL, \'#007bff\', \'contacto@agora.com\', \'Bronce\', 40, NULL, NULL)', 0)
 2 SYSTEMPATH\Database\BaseConnection.php(910): CodeIgniter\Database\MySQLi\Connection->execute('INSERT INTO `configuracion_marca` (`id`, `nombre_empresa`, `logo_url`, `color_primario`, `correo_contacto`, `nivel_licencia`, `limite_apartamentos`, `codigo_activacion`, `fecha_actualizacion_plan`) VALUES (1, \'Mi Administradora Base\', NULL, \'#007bff\', \'contacto@agora.com\', \'Bronce\', 40, NULL, NULL)')
 3 SYSTEMPATH\Database\BaseConnection.php(827): CodeIgniter\Database\BaseConnection->simpleQuery('INSERT INTO `configuracion_marca` (`id`, `nombre_empresa`, `logo_url`, `color_primario`, `correo_contacto`, `nivel_licencia`, `limite_apartamentos`, `codigo_activacion`, `fecha_actualizacion_plan`) VALUES (1, \'Mi Administradora Base\', NULL, \'#007bff\', \'contacto@agora.com\', \'Bronce\', 40, NULL, NULL)')
 4 SYSTEMPATH\Database\BaseBuilder.php(2345): CodeIgniter\Database\BaseConnection->query('INSERT INTO `configuracion_marca` (`id`, `nombre_empresa`, `logo_url`, `color_primario`, `correo_contacto`, `nivel_licencia`, `limite_apartamentos`, `codigo_activacion`, `fecha_actualizacion_plan`) VALUES (:id:, :nombre_empresa:, :logo_url:, :color_primario:, :correo_contacto:, :nivel_licencia:, :limite_apartamentos:, :codigo_activacion:, :fecha_actualizacion_plan:)', [...], false)
 5 APPPATH\Database\Seeds\ConfiguracionMarcaSeeder.php(23): CodeIgniter\Database\BaseBuilder->insert([...])
 6 SYSTEMPATH\Database\Seeder.php(155): App\Database\Seeds\ConfiguracionMarcaSeeder->run()
 7 APPPATH\Database\Seeds\MainSeeder.php(15): CodeIgniter\Database\Seeder->call('App\\Database\\Seeds\\ConfiguracionMarcaSeeder')
 8 SYSTEMPATH\Database\Seeder.php(155): App\Database\Seeds\MainSeeder->run()
 9 SYSTEMPATH\Commands\Database\Seed.php(79): CodeIgniter\Database\Seeder->call('App\\Database\\Seeds\\MainSeeder')
10 SYSTEMPATH\CLI\Commands.php(74): CodeIgniter\Commands\Database\Seed->run([])
11 SYSTEMPATH\CLI\Console.php(47): CodeIgniter\CLI\Commands->run('db:seed', [...])
12 SYSTEMPATH\Boot.php(442): CodeIgniter\CLI\Console->run()
13 SYSTEMPATH\Boot.php(166): CodeIgniter\Boot::runCommand(Object(CodeIgniter\CLI\Console))
14 ROOTPATH\spark(87): CodeIgniter\Boot::bootSpark(Object(Config\Paths))
ERROR - 2026-06-22 21:11:23 --> Table 'configuracion_marca' already exists
in SYSTEMPATH\Database\MySQLi\Connection.php on line 300.
 1 SYSTEMPATH\Database\MySQLi\Connection.php(300): mysqli->query('CREATE TABLE `configuracion_marca` (
	`id` INT(11) NOT NULL AUTO_INCREMENT,
	`nombre_empresa` VARCHAR(100) NOT NULL,
	`logo_url` VARCHAR(255) NULL,
	`color_primario` VARCHAR(7) NOT NULL DEFAULT \'#007bff\',
	`correo_contacto` VARCHAR(100) NULL,
	`nivel_licencia` VARCHAR(20) NOT NULL DEFAULT \'Bronce\',
	`limite_apartamentos` INT(11) NOT NULL DEFAULT 40,
	`codigo_activacion` VARCHAR(255) NULL,
	`fecha_actualizacion_plan` TIMESTAMP NULL,
	CONSTRAINT `pk_configuracion_marca` PRIMARY KEY(`id`)
) DEFAULT CHARACTER SET = utf8mb4 COLLATE = utf8mb4_general_ci', 0)
 2 SYSTEMPATH\Database\BaseConnection.php(910): CodeIgniter\Database\MySQLi\Connection->execute('CREATE TABLE `configuracion_marca` (
	`id` INT(11) NOT NULL AUTO_INCREMENT,
	`nombre_empresa` VARCHAR(100) NOT NULL,
	`logo_url` VARCHAR(255) NULL,
	`color_primario` VARCHAR(7) NOT NULL DEFAULT \'#007bff\',
	`correo_contacto` VARCHAR(100) NULL,
	`nivel_licencia` VARCHAR(20) NOT NULL DEFAULT \'Bronce\',
	`limite_apartamentos` INT(11) NOT NULL DEFAULT 40,
	`codigo_activacion` VARCHAR(255) NULL,
	`fecha_actualizacion_plan` TIMESTAMP NULL,
	CONSTRAINT `pk_configuracion_marca` PRIMARY KEY(`id`)
) DEFAULT CHARACTER SET = utf8mb4 COLLATE = utf8mb4_general_ci')
 3 SYSTEMPATH\Database\BaseConnection.php(827): CodeIgniter\Database\BaseConnection->simpleQuery('CREATE TABLE `configuracion_marca` (
	`id` INT(11) NOT NULL AUTO_INCREMENT,
	`nombre_empresa` VARCHAR(100) NOT NULL,
	`logo_url` VARCHAR(255) NULL,
	`color_primario` VARCHAR(7) NOT NULL DEFAULT \'#007bff\',
	`correo_contacto` VARCHAR(100) NULL,
	`nivel_licencia` VARCHAR(20) NOT NULL DEFAULT \'Bronce\',
	`limite_apartamentos` INT(11) NOT NULL DEFAULT 40,
	`codigo_activacion` VARCHAR(255) NULL,
	`fecha_actualizacion_plan` TIMESTAMP NULL,
	CONSTRAINT `pk_configuracion_marca` PRIMARY KEY(`id`)
) DEFAULT CHARACTER SET = utf8mb4 COLLATE = utf8mb4_general_ci')
 4 SYSTEMPATH\Database\Forge.php(570): CodeIgniter\Database\BaseConnection->query('CREATE TABLE `configuracion_marca` (
	`id` INT(11) NOT NULL AUTO_INCREMENT,
	`nombre_empresa` VARCHAR(100) NOT NULL,
	`logo_url` VARCHAR(255) NULL,
	`color_primario` VARCHAR(7) NOT NULL DEFAULT \'#007bff\',
	`correo_contacto` VARCHAR(100) NULL,
	`nivel_licencia` VARCHAR(20) NOT NULL DEFAULT \'Bronce\',
	`limite_apartamentos` INT(11) NOT NULL DEFAULT 40,
	`codigo_activacion` VARCHAR(255) NULL,
	`fecha_actualizacion_plan` TIMESTAMP NULL,
	CONSTRAINT `pk_configuracion_marca` PRIMARY KEY(`id`)
) DEFAULT CHARACTER SET = utf8mb4 COLLATE = utf8mb4_general_ci')
 5 APPPATH\Database\Migrations\2026-06-20-194930_EsquemaInicialAgora.php(28): CodeIgniter\Database\Forge->createTable('configuracion_marca')
 6 SYSTEMPATH\Database\MigrationRunner.php(1014): App\Database\Migrations\CrearBaseDeDatosInicial->up()
 7 SYSTEMPATH\Database\MigrationRunner.php(202): CodeIgniter\Database\MigrationRunner->migrate('up', Object(stdClass))
 8 SYSTEMPATH\Commands\Database\Migrate.php(89): CodeIgniter\Database\MigrationRunner->latest(null)
 9 SYSTEMPATH\CLI\SignalTrait.php(245): CodeIgniter\Commands\Database\Migrate::CodeIgniter\Commands\Database\{closure}()
10 SYSTEMPATH\Commands\Database\Migrate.php(88): CodeIgniter\Commands\Database\Migrate->withSignalsBlocked(Object(Closure))
11 SYSTEMPATH\CLI\Commands.php(74): CodeIgniter\Commands\Database\Migrate->run([...])
12 SYSTEMPATH\CLI\BaseCommand.php(119): CodeIgniter\CLI\Commands->run('migrate', [...])
13 SYSTEMPATH\Commands\Database\MigrateRefresh.php(91): CodeIgniter\CLI\BaseCommand->call('migrate', [...])
14 SYSTEMPATH\CLI\SignalTrait.php(245): CodeIgniter\Commands\Database\MigrateRefresh->CodeIgniter\Commands\Database\{closure}()
15 SYSTEMPATH\Commands\Database\MigrateRefresh.php(89): CodeIgniter\Commands\Database\MigrateRefresh->withSignalsBlocked(Object(Closure))
16 SYSTEMPATH\CLI\Commands.php(74): CodeIgniter\Commands\Database\MigrateRefresh->run([...])
17 SYSTEMPATH\CLI\Console.php(47): CodeIgniter\CLI\Commands->run('migrate:refresh', [])
18 SYSTEMPATH\Boot.php(442): CodeIgniter\CLI\Console->run()
19 SYSTEMPATH\Boot.php(166): CodeIgniter\Boot::runCommand(Object(CodeIgniter\CLI\Console))
20 ROOTPATH\spark(87): CodeIgniter\Boot::bootSpark(Object(Config\Paths))
ERROR - 2026-06-22 21:11:23 --> Duplicate entry '1' for key 'PRIMARY'
in SYSTEMPATH\Database\MySQLi\Connection.php on line 300.
 1 SYSTEMPATH\Database\MySQLi\Connection.php(300): mysqli->query('INSERT INTO `configuracion_marca` (`id`, `nombre_empresa`, `logo_url`, `color_primario`, `correo_contacto`, `nivel_licencia`, `limite_apartamentos`, `codigo_activacion`, `fecha_actualizacion_plan`) VALUES (1, \'Mi Administradora Base\', NULL, \'#007bff\', \'contacto@agora.com\', \'Bronce\', 40, NULL, NULL)', 0)
 2 SYSTEMPATH\Database\BaseConnection.php(910): CodeIgniter\Database\MySQLi\Connection->execute('INSERT INTO `configuracion_marca` (`id`, `nombre_empresa`, `logo_url`, `color_primario`, `correo_contacto`, `nivel_licencia`, `limite_apartamentos`, `codigo_activacion`, `fecha_actualizacion_plan`) VALUES (1, \'Mi Administradora Base\', NULL, \'#007bff\', \'contacto@agora.com\', \'Bronce\', 40, NULL, NULL)')
 3 SYSTEMPATH\Database\BaseConnection.php(827): CodeIgniter\Database\BaseConnection->simpleQuery('INSERT INTO `configuracion_marca` (`id`, `nombre_empresa`, `logo_url`, `color_primario`, `correo_contacto`, `nivel_licencia`, `limite_apartamentos`, `codigo_activacion`, `fecha_actualizacion_plan`) VALUES (1, \'Mi Administradora Base\', NULL, \'#007bff\', \'contacto@agora.com\', \'Bronce\', 40, NULL, NULL)')
 4 SYSTEMPATH\Database\BaseBuilder.php(2345): CodeIgniter\Database\BaseConnection->query('INSERT INTO `configuracion_marca` (`id`, `nombre_empresa`, `logo_url`, `color_primario`, `correo_contacto`, `nivel_licencia`, `limite_apartamentos`, `codigo_activacion`, `fecha_actualizacion_plan`) VALUES (:id:, :nombre_empresa:, :logo_url:, :color_primario:, :correo_contacto:, :nivel_licencia:, :limite_apartamentos:, :codigo_activacion:, :fecha_actualizacion_plan:)', [...], false)
 5 APPPATH\Database\Seeds\ConfiguracionMarcaSeeder.php(23): CodeIgniter\Database\BaseBuilder->insert([...])
 6 SYSTEMPATH\Database\Seeder.php(155): App\Database\Seeds\ConfiguracionMarcaSeeder->run()
 7 APPPATH\Database\Seeds\MainSeeder.php(15): CodeIgniter\Database\Seeder->call('App\\Database\\Seeds\\ConfiguracionMarcaSeeder')
 8 SYSTEMPATH\Database\Seeder.php(155): App\Database\Seeds\MainSeeder->run()
 9 SYSTEMPATH\Commands\Database\Seed.php(79): CodeIgniter\Database\Seeder->call('App\\Database\\Seeds\\MainSeeder')
10 SYSTEMPATH\CLI\Commands.php(74): CodeIgniter\Commands\Database\Seed->run([])
11 SYSTEMPATH\CLI\Console.php(47): CodeIgniter\CLI\Commands->run('db:seed', [...])
12 SYSTEMPATH\Boot.php(442): CodeIgniter\CLI\Console->run()
13 SYSTEMPATH\Boot.php(166): CodeIgniter\Boot::runCommand(Object(CodeIgniter\CLI\Console))
14 ROOTPATH\spark(87): CodeIgniter\Boot::bootSpark(Object(Config\Paths))
DEBUG - 2026-06-22 21:15:35 --> Session: Class initialized using 'CodeIgniter\Session\Handlers\FileHandler' driver.
ERROR - 2026-06-22 21:22:28 --> Error connecting to the database: mysqli_sql_exception: Unknown database 'agora' in C:\xampp\htdocs\Agora\system\Database\MySQLi\Connection.php:201
Stack trace:
#0 C:\xampp\htdocs\Agora\system\Database\MySQLi\Connection.php(201): mysqli->real_connect('localhost', 'root', Object(SensitiveParameterValue), 'agora', 3306, '', 0)
#1 C:\xampp\htdocs\Agora\system\Database\BaseConnection.php(555): CodeIgniter\Database\MySQLi\Connection->connect(false)
#2 C:\xampp\htdocs\Agora\system\Database\BaseConnection.php(795): CodeIgniter\Database\BaseConnection->initialize()
#3 C:\xampp\htdocs\Agora\system\Database\BaseConnection.php(1706): CodeIgniter\Database\BaseConnection->query('SHOW TABLES FRO...')
#4 C:\xampp\htdocs\Agora\system\Database\BaseConnection.php(1726): CodeIgniter\Database\BaseConnection->listTables()
#5 C:\xampp\htdocs\Agora\system\Database\MigrationRunner.php(821): CodeIgniter\Database\BaseConnection->tableExists('migrations')
#6 C:\xampp\htdocs\Agora\system\Database\MigrationRunner.php(173): CodeIgniter\Database\MigrationRunner->ensureTable()
#7 C:\xampp\htdocs\Agora\system\Commands\Database\Migrate.php(89): CodeIgniter\Database\MigrationRunner->latest(NULL)
#8 C:\xampp\htdocs\Agora\system\CLI\SignalTrait.php(245): CodeIgniter\Commands\Database\Migrate::CodeIgniter\Commands\Database\{closure}()
#9 C:\xampp\htdocs\Agora\system\Commands\Database\Migrate.php(88): CodeIgniter\Commands\Database\Migrate->withSignalsBlocked(Object(Closure))
#10 C:\xampp\htdocs\Agora\system\CLI\Commands.php(74): CodeIgniter\Commands\Database\Migrate->run(Array)
#11 C:\xampp\htdocs\Agora\system\CLI\Console.php(47): CodeIgniter\CLI\Commands->run('migrate', Array)
#12 C:\xampp\htdocs\Agora\system\Boot.php(442): CodeIgniter\CLI\Console->run()
#13 C:\xampp\htdocs\Agora\system\Boot.php(166): CodeIgniter\Boot::runCommand(Object(CodeIgniter\CLI\Console))
#14 C:\xampp\htdocs\Agora\spark(87): CodeIgniter\Boot::bootSpark(Object(Config\Paths))
#15 {main}

Next CodeIgniter\Database\Exceptions\DatabaseException: Unknown database 'agora' in C:\xampp\htdocs\Agora\system\Database\MySQLi\Connection.php:231
Stack trace:
#0 C:\xampp\htdocs\Agora\system\Database\BaseConnection.php(555): CodeIgniter\Database\MySQLi\Connection->connect(false)
#1 C:\xampp\htdocs\Agora\system\Database\BaseConnection.php(795): CodeIgniter\Database\BaseConnection->initialize()
#2 C:\xampp\htdocs\Agora\system\Database\BaseConnection.php(1706): CodeIgniter\Database\BaseConnection->query('SHOW TABLES FRO...')
#3 C:\xampp\htdocs\Agora\system\Database\BaseConnection.php(1726): CodeIgniter\Database\BaseConnection->listTables()
#4 C:\xampp\htdocs\Agora\system\Database\MigrationRunner.php(821): CodeIgniter\Database\BaseConnection->tableExists('migrations')
#5 C:\xampp\htdocs\Agora\system\Database\MigrationRunner.php(173): CodeIgniter\Database\MigrationRunner->ensureTable()
#6 C:\xampp\htdocs\Agora\system\Commands\Database\Migrate.php(89): CodeIgniter\Database\MigrationRunner->latest(NULL)
#7 C:\xampp\htdocs\Agora\system\CLI\SignalTrait.php(245): CodeIgniter\Commands\Database\Migrate::CodeIgniter\Commands\Database\{closure}()
#8 C:\xampp\htdocs\Agora\system\Commands\Database\Migrate.php(88): CodeIgniter\Commands\Database\Migrate->withSignalsBlocked(Object(Closure))
#9 C:\xampp\htdocs\Agora\system\CLI\Commands.php(74): CodeIgniter\Commands\Database\Migrate->run(Array)
#10 C:\xampp\htdocs\Agora\system\CLI\Console.php(47): CodeIgniter\CLI\Commands->run('migrate', Array)
#11 C:\xampp\htdocs\Agora\system\Boot.php(442): CodeIgniter\CLI\Console->run()
#12 C:\xampp\htdocs\Agora\system\Boot.php(166): CodeIgniter\Boot::runCommand(Object(CodeIgniter\CLI\Console))
#13 C:\xampp\htdocs\Agora\spark(87): CodeIgniter\Boot::bootSpark(Object(Config\Paths))
#14 {main}
ERROR - 2026-06-22 21:24:07 --> Duplicate entry '1' for key 'PRIMARY'
in SYSTEMPATH\Database\MySQLi\Connection.php on line 300.
 1 SYSTEMPATH\Database\MySQLi\Connection.php(300): mysqli->query('INSERT INTO `configuracion_marca` (`id`, `nombre_empresa`, `logo_url`, `color_primario`, `correo_contacto`, `nivel_licencia`, `limite_apartamentos`, `codigo_activacion`, `fecha_actualizacion_plan`) VALUES (1, \'Mi Administradora Base\', NULL, \'#007bff\', \'contacto@agora.com\', \'Bronce\', 40, NULL, NULL)', 0)
 2 SYSTEMPATH\Database\BaseConnection.php(910): CodeIgniter\Database\MySQLi\Connection->execute('INSERT INTO `configuracion_marca` (`id`, `nombre_empresa`, `logo_url`, `color_primario`, `correo_contacto`, `nivel_licencia`, `limite_apartamentos`, `codigo_activacion`, `fecha_actualizacion_plan`) VALUES (1, \'Mi Administradora Base\', NULL, \'#007bff\', \'contacto@agora.com\', \'Bronce\', 40, NULL, NULL)')
 3 SYSTEMPATH\Database\BaseConnection.php(827): CodeIgniter\Database\BaseConnection->simpleQuery('INSERT INTO `configuracion_marca` (`id`, `nombre_empresa`, `logo_url`, `color_primario`, `correo_contacto`, `nivel_licencia`, `limite_apartamentos`, `codigo_activacion`, `fecha_actualizacion_plan`) VALUES (1, \'Mi Administradora Base\', NULL, \'#007bff\', \'contacto@agora.com\', \'Bronce\', 40, NULL, NULL)')
 4 SYSTEMPATH\Database\BaseBuilder.php(2345): CodeIgniter\Database\BaseConnection->query('INSERT INTO `configuracion_marca` (`id`, `nombre_empresa`, `logo_url`, `color_primario`, `correo_contacto`, `nivel_licencia`, `limite_apartamentos`, `codigo_activacion`, `fecha_actualizacion_plan`) VALUES (:id:, :nombre_empresa:, :logo_url:, :color_primario:, :correo_contacto:, :nivel_licencia:, :limite_apartamentos:, :codigo_activacion:, :fecha_actualizacion_plan:)', [...], false)
 5 APPPATH\Database\Seeds\ConfiguracionMarcaSeeder.php(23): CodeIgniter\Database\BaseBuilder->insert([...])
 6 SYSTEMPATH\Database\Seeder.php(155): App\Database\Seeds\ConfiguracionMarcaSeeder->run()
 7 APPPATH\Database\Seeds\MainSeeder.php(15): CodeIgniter\Database\Seeder->call('App\\Database\\Seeds\\ConfiguracionMarcaSeeder')
 8 SYSTEMPATH\Database\Seeder.php(155): App\Database\Seeds\MainSeeder->run()
 9 SYSTEMPATH\Commands\Database\Seed.php(79): CodeIgniter\Database\Seeder->call('App\\Database\\Seeds\\MainSeeder')
10 SYSTEMPATH\CLI\Commands.php(74): CodeIgniter\Commands\Database\Seed->run([])
11 SYSTEMPATH\CLI\Console.php(47): CodeIgniter\CLI\Commands->run('db:seed', [...])
12 SYSTEMPATH\Boot.php(442): CodeIgniter\CLI\Console->run()
13 SYSTEMPATH\Boot.php(166): CodeIgniter\Boot::runCommand(Object(CodeIgniter\CLI\Console))
14 ROOTPATH\spark(87): CodeIgniter\Boot::bootSpark(Object(Config\Paths))
INFO - 2026-06-22 21:37:28 --> CSRF token verified.
DEBUG - 2026-06-22 21:37:28 --> Session: Class initialized using 'CodeIgniter\Session\Handlers\FileHandler' driver.
DEBUG - 2026-06-22 21:37:28 --> Session: Class initialized using 'CodeIgniter\Session\Handlers\FileHandler' driver.
DEBUG - 2026-06-22 21:37:38 --> Session: Class initialized using 'CodeIgniter\Session\Handlers\FileHandler' driver.
DEBUG - 2026-06-22 21:37:40 --> Session: Class initialized using 'CodeIgniter\Session\Handlers\FileHandler' driver.
DEBUG - 2026-06-22 21:38:09 --> Session: Class initialized using 'CodeIgniter\Session\Handlers\FileHandler' driver.
DEBUG - 2026-06-22 21:38:30 --> Session: Class initialized using 'CodeIgniter\Session\Handlers\FileHandler' driver.
DEBUG - 2026-06-22 21:38:36 --> Session: Class initialized using 'CodeIgniter\Session\Handlers\FileHandler' driver.
DEBUG - 2026-06-22 21:39:53 --> Session: Class initialized using 'CodeIgniter\Session\Handlers\FileHandler' driver.
DEBUG - 2026-06-22 21:39:57 --> Session: Class initialized using 'CodeIgniter\Session\Handlers\FileHandler' driver.
DEBUG - 2026-06-22 21:40:11 --> Session: Class initialized using 'CodeIgniter\Session\Handlers\FileHandler' driver.
DEBUG - 2026-06-22 21:40:11 --> Session: Class initialized using 'CodeIgniter\Session\Handlers\FileHandler' driver.
INFO - 2026-06-22 21:45:04 --> CSRF token verified.
DEBUG - 2026-06-22 21:45:04 --> Session: Class initialized using 'CodeIgniter\Session\Handlers\FileHandler' driver.
DEBUG - 2026-06-22 21:45:04 --> Session: Class initialized using 'CodeIgniter\Session\Handlers\FileHandler' driver.
DEBUG - 2026-06-22 21:45:09 --> Session: Class initialized using 'CodeIgniter\Session\Handlers\FileHandler' driver.
DEBUG - 2026-06-22 21:45:13 --> Session: Class initialized using 'CodeIgniter\Session\Handlers\FileHandler' driver.
DEBUG - 2026-06-22 21:45:15 --> Session: Class initialized using 'CodeIgniter\Session\Handlers\FileHandler' driver.
DEBUG - 2026-06-22 21:45:17 --> Session: Class initialized using 'CodeIgniter\Session\Handlers\FileHandler' driver.
DEBUG - 2026-06-22 21:45:43 --> Session: Class initialized using 'CodeIgniter\Session\Handlers\FileHandler' driver.
DEBUG - 2026-06-22 21:45:43 --> Session: Class initialized using 'CodeIgniter\Session\Handlers\FileHandler' driver.
INFO - 2026-06-22 21:46:15 --> CSRF token verified.
DEBUG - 2026-06-22 21:46:15 --> Session: Class initialized using 'CodeIgniter\Session\Handlers\FileHandler' driver.
DEBUG - 2026-06-22 21:46:16 --> Session: Class initialized using 'CodeIgniter\Session\Handlers\FileHandler' driver.
DEBUG - 2026-06-22 21:46:18 --> Session: Class initialized using 'CodeIgniter\Session\Handlers\FileHandler' driver.
DEBUG - 2026-06-22 21:46:18 --> Session: Class initialized using 'CodeIgniter\Session\Handlers\FileHandler' driver.
DEBUG - 2026-06-22 21:46:30 --> Session: Class initialized using 'CodeIgniter\Session\Handlers\FileHandler' driver.
DEBUG - 2026-06-22 21:46:30 --> Session: Class initialized using 'CodeIgniter\Session\Handlers\FileHandler' driver.
INFO - 2026-06-22 21:46:36 --> CSRF token verified.
DEBUG - 2026-06-22 21:46:36 --> Session: Class initialized using 'CodeIgniter\Session\Handlers\FileHandler' driver.
DEBUG - 2026-06-22 21:46:36 --> Session: Class initialized using 'CodeIgniter\Session\Handlers\FileHandler' driver.
DEBUG - 2026-06-22 21:47:11 --> Session: Class initialized using 'CodeIgniter\Session\Handlers\FileHandler' driver.
DEBUG - 2026-06-22 21:47:11 --> Session: Class initialized using 'CodeIgniter\Session\Handlers\FileHandler' driver.
INFO - 2026-06-22 21:47:30 --> CSRF token verified.
DEBUG - 2026-06-22 21:47:30 --> Session: Class initialized using 'CodeIgniter\Session\Handlers\FileHandler' driver.
DEBUG - 2026-06-22 21:47:30 --> Session: Class initialized using 'CodeIgniter\Session\Handlers\FileHandler' driver.
DEBUG - 2026-06-22 21:53:15 --> Session: Class initialized using 'CodeIgniter\Session\Handlers\FileHandler' driver.
DEBUG - 2026-06-22 21:53:15 --> Session: Class initialized using 'CodeIgniter\Session\Handlers\FileHandler' driver.
INFO - 2026-06-22 21:53:39 --> CSRF token verified.
DEBUG - 2026-06-22 21:53:39 --> Session: Class initialized using 'CodeIgniter\Session\Handlers\FileHandler' driver.
DEBUG - 2026-06-22 21:53:39 --> Session: Class initialized using 'CodeIgniter\Session\Handlers\FileHandler' driver.
DEBUG - 2026-06-22 21:54:22 --> Session: Class initialized using 'CodeIgniter\Session\Handlers\FileHandler' driver.
DEBUG - 2026-06-22 21:54:22 --> Session: Class initialized using 'CodeIgniter\Session\Handlers\FileHandler' driver.
DEBUG - 2026-06-22 21:54:23 --> Session: Class initialized using 'CodeIgniter\Session\Handlers\FileHandler' driver.
DEBUG - 2026-06-22 21:54:23 --> Session: Class initialized using 'CodeIgniter\Session\Handlers\FileHandler' driver.
DEBUG - 2026-06-22 21:54:23 --> Session: Class initialized using 'CodeIgniter\Session\Handlers\FileHandler' driver.
DEBUG - 2026-06-22 21:54:24 --> Session: Class initialized using 'CodeIgniter\Session\Handlers\FileHandler' driver.
DEBUG - 2026-06-22 21:54:27 --> Session: Class initialized using 'CodeIgniter\Session\Handlers\FileHandler' driver.
DEBUG - 2026-06-22 21:54:29 --> Session: Class initialized using 'CodeIgniter\Session\Handlers\FileHandler' driver.
DEBUG - 2026-06-22 21:54:35 --> Session: Class initialized using 'CodeIgniter\Session\Handlers\FileHandler' driver.
DEBUG - 2026-06-22 21:55:58 --> Session: Class initialized using 'CodeIgniter\Session\Handlers\FileHandler' driver.
DEBUG - 2026-06-22 21:56:02 --> Session: Class initialized using 'CodeIgniter\Session\Handlers\FileHandler' driver.
DEBUG - 2026-06-22 21:56:06 --> Session: Class initialized using 'CodeIgniter\Session\Handlers\FileHandler' driver.
DEBUG - 2026-06-22 21:56:08 --> Session: Class initialized using 'CodeIgniter\Session\Handlers\FileHandler' driver.
DEBUG - 2026-06-22 21:56:11 --> Session: Class initialized using 'CodeIgniter\Session\Handlers\FileHandler' driver.
DEBUG - 2026-06-22 21:56:13 --> Session: Class initialized using 'CodeIgniter\Session\Handlers\FileHandler' driver.
DEBUG - 2026-06-22 21:57:44 --> Session: Class initialized using 'CodeIgniter\Session\Handlers\FileHandler' driver.
DEBUG - 2026-06-22 22:05:14 --> Session: Class initialized using 'CodeIgniter\Session\Handlers\FileHandler' driver.
DEBUG - 2026-06-22 22:05:14 --> Session: Class initialized using 'CodeIgniter\Session\Handlers\FileHandler' driver.
INFO - 2026-06-22 22:05:30 --> CSRF token verified.
DEBUG - 2026-06-22 22:05:30 --> Session: Class initialized using 'CodeIgniter\Session\Handlers\FileHandler' driver.
DEBUG - 2026-06-22 22:05:30 --> Session: Class initialized using 'CodeIgniter\Session\Handlers\FileHandler' driver.
DEBUG - 2026-06-22 22:05:38 --> Session: Class initialized using 'CodeIgniter\Session\Handlers\FileHandler' driver.
DEBUG - 2026-06-22 22:14:11 --> Session: Class initialized using 'CodeIgniter\Session\Handlers\FileHandler' driver.
DEBUG - 2026-06-22 22:14:12 --> Session: Class initialized using 'CodeIgniter\Session\Handlers\FileHandler' driver.
DEBUG - 2026-06-22 22:15:32 --> Session: Class initialized using 'CodeIgniter\Session\Handlers\FileHandler' driver.
DEBUG - 2026-06-22 22:15:52 --> Session: Class initialized using 'CodeIgniter\Session\Handlers\FileHandler' driver.
DEBUG - 2026-06-22 22:15:55 --> Session: Class initialized using 'CodeIgniter\Session\Handlers\FileHandler' driver.
DEBUG - 2026-06-22 22:16:01 --> Session: Class initialized using 'CodeIgniter\Session\Handlers\FileHandler' driver.
DEBUG - 2026-06-22 22:16:04 --> Session: Class initialized using 'CodeIgniter\Session\Handlers\FileHandler' driver.
